name,email,password
Neill Kimmerling,*********,*********
Sergent Holdron,*********,*********
Raynor Kellitt,*********,*********
Tim Andrieu,*********,*********
Hallsy Morena,*********,*********
Car Abeles,*********,*********
Cesare Grigolashvill,*********,*********
Gardner Van der Brugge,*********,*********
Gay Cronk,*********,*********
Lynda Braim,*********,*********
Genovera Dows,*********,*********
Ronny Brady,*********,*********
Alano Velareal,*********,*********
Janina Chape,*********,*********
Meggi Crannell,*********,*********
Carmel Gallymore,*********,*********
Ibbie Forshaw,*********,*********
Junia Garbutt,*********,*********
Cleveland Eadmeads,*********,*********
Annalise Scarsbrick,*********,*********
Marcelia Paquet,*********,*********
Dennie Di Nisco,*********,*********
Reamonn Hankins,*********,*********
Jacquenette Ellwell,*********,*********
Abra Needs,*********,*********
Noel Karus,*********,*********
Cosette Wort,*********,*********
Farris Danihelka,*********,*********
Gerianna Buchanan,*********,*********
Adrian Liff,*********,*********
Joane Wilson,*********,*********
Vannie O'Carrol,*********,*********
Mohandas Fisbey,*********,*********
Farrel Balleine,*********,*********
Wright Claybourne,*********,*********
Kenyon Woolmer,*********,*********
Krispin Ickowics,*********,*********
Eddy Creamer,*********,*********
Fanya Capelen,*********,*********
Casper Butterfield,*********,*********
Corinna Tonks,*********,*********
Arleen Gallear,*********,*********
Hartwell Fermor,*********,*********
Cloris Fidell,*********,*********
Adorne Segrave,*********,*********
Basil Wilshin,*********,*********
Earvin Southers,*********,*********
Shelby Mazzey,*********,*********
Krissy McCowen,*********,*********
Belvia MacDiarmid,*********,*********
Willdon Stoppe,*********,*********
Roxy Bielefeld,*********,*********
Tedmund Brimmell,*********,*********
Courtney Winstanley,*********,*********
Gretta Ollin,*********,*********
Theobald Grassett,*********,*********
Steffie Beamand,*********,*********
Maribelle Barrat,*********,*********
Seumas Capel,*********,*********
Brigitte Leadbeatter,*********,*********
Micky Cavilla,*********,*********
Mari Leonardi,*********,*********
Gertrudis Sanchez,*********,*********
Beaufort Corneck,*********,*********
Anett Doldon,*********,*********
Chad Littlejohn,*********,*********
Almeda Bowser,*********,*********
Billi McGuiness,*********,*********
Irwin Hawksley,*********,*********
Aube Hyndley,*********,*********
Saraann Stothard,*********,*********
Cecilla Rolfo,*********,*********
Edna Rawkesby,*********,*********
Edd Eckley,*********,*********
Nan Gosling,*********,*********
Vanya Gellately,*********,*********
Orel McCallam,*********,*********
Trudie Martynov,*********,*********
Ferdinande Robarts,*********,*********
Anthe Oade,*********,*********
Sileas Synan,*********,*********
Giraud Desaur,*********,*********
Krystalle Allgood,*********,*********
Jasen Colthurst,*********,*********
Temp Arzu,*********,*********
Chauncey Carff,*********,*********
Red Pelos,*********,*********
Logan Kall,*********,*********
Phyllida Kops,*********,*********
Allyson Greatreax,*********,*********
Claudelle Siegertsz,*********,*********
Davida Doyland,*********,*********
Riannon Rouse,*********,*********
Andee Roelofs,*********,*********
Obediah Weldrick,*********,*********
Karlee Lecordier,*********,*********
Melvin Seckom,*********,*********
Ilyse Goodram,*********,*********
Burlie Linfitt,*********,*********
Roselia Siward,*********,*********
Debbie Muschette,*********,*********
Gretchen Cardis,*********,*********
Kirstyn Marks,*********,*********
Gaelan Gouda,*********,*********
Cassi Broadberry,*********,*********
Uri Garrish,*********,*********
Zandra Brimmell,*********,*********
Tynan Greeson,*********,*********
Ives Blaney,*********,*********
Wilbert Guitte,*********,*********
Gert Ioannidis,*********,*********
Abbot Gadson,*********,*********
Glenda Barhims,*********,*********
Darline Shakespeare,*********,*********
Bennie Brennans,*********,*********
Gena Lamond,*********,*********
Wells Leedes,*********,*********
Zebulen Burn,*********,*********
Arvie Hainning,*********,*********
Saxe Tunmore,*********,*********
Werner Le Blanc,*********,*********
Sindee Coit,*********,*********
Free Ahmad,*********,*********
Brina Whinray,*********,*********
Olga Carmo,*********,*********
Gayel O'Driscoll,*********,*********
Camey Giacoppo,*********,*********
Welsh Walcar,*********,*********
Rozanne Hawksby,*********,*********
Dani Jedrys,*********,*********
Tedda Worsall,*********,*********
Dana Grabeham,*********,*********
Zacharia Atyeo,*********,*********
Sabra Smillie,*********,*********
Lidia Beneze,*********,*********
Roger Macauley,*********,*********
Rodd Schreiner,*********,*********
Galven Crux,*********,*********
Elana Goslin,*********,*********
Glori Sweetlove,*********,*********
Jenna Grimolbie,*********,*********
Maggi Marcham,*********,*********
Tammy Meaker,*********,*********
Rosemarie Swatton,*********,*********
Gilbertine Padefield,*********,*********
Giustina Yallowley,*********,*********
Paddy Donat,*********,*********
Shaw Mattam,*********,*********
Massimiliano Ottley,*********,*********
Keslie Wintersgill,*********,*********
Sutherland Gebbe,*********,*********
Constantine Kleen,*********,*********
Evan Lys,*********,*********
Cindi Cumbridge,*********,*********
Maurice Duffil,*********,*********
Terri Emeney,*********,*********
Abbey Karpov,*********,*********
Kamila Anney,*********,*********
Mattias Niche,*********,*********
Quinn Larrosa,*********,*********
Lotti Pietruschka,*********,*********
Archibaldo Cuseck,*********,*********
Madlen Ioan,*********,*********
Rose Ballham,*********,*********
Barbee Pearton,*********,*********
Brena Faust,*********,*********
Mair Face,*********,*********
Rycca Valencia,*********,*********
Tremayne Verdon,*********,*********
Gordie Brockley,*********,*********
Floria Rawsthorn,*********,*********
Correy Lawrance,*********,*********
Kerby Abels,*********,*********
Willetta Norridge,*********,*********
Letti Robillart,*********,*********
Celestine Thebeau,*********,*********
Pascal Flecknell,*********,*********
Abraham Ackermann,*********,*********
Ramsay Patten,*********,*********
Vivienne Pobjay,*********,*********
Marijo Phelipeau,*********,*********
Zebedee Malt,*********,*********
Joeann Verdy,*********,*********
Kris Chastaing,*********,*********
Antonino Collett,*********,*********
Nicki Sherborne,*********,*********
Maxwell Forten,*********,*********
Johny Verrills,*********,*********
Bethany Mizen,*********,*********
Thea Ottosen,*********,*********
Isidoro Genthner,*********,*********
Ewan Oxburgh,*********,*********
Sibby Bancroft,*********,*********
Yoshiko Brudenell,*********,*********
Brady Matyatin,*********,*********
Mela McPhillimey,*********,*********
Laure Potes,*********,*********
Ham Huffer,*********,*********
Tymon Steuart,*********,*********
Willette Preator,*********,*********
Tallie Elph,*********,*********
Jarrod Wornham,*********,*********
Carlita Cumine,*********,*********
Brynna Whotton,*********,*********
Lexi Bogaert,*********,*********
Lesya Povey,*********,*********
Ferdy Askem,*********,*********
Alvira Martusov,*********,*********
Christiana Welchman,*********,*********
Remy Thing,*********,*********
Osmond Britch,*********,*********
Pierrette Allmark,*********,*********
Tammara Worvill,*********,*********
Reider Benettini,*********,*********
Gayla Stratz,*********,*********
Aron Parmer,*********,*********
Marita Doll,*********,*********
Marilin De Gregoli,*********,*********
Margarethe O' Borne,*********,*********
Dalt Andino,*********,*********
Shelley Wenderott,*********,*********
Susy Greeson,*********,*********
Carline Keemer,*********,*********
Steffie Sturrock,*********,*********
Rodrick Spellesy,*********,*********
Mendy Hesse,*********,*********
Alica Fallon,*********,*********
Lotty Bendig,*********,*********
Stearn Aldington,*********,*********
Maddi Fernie,*********,*********
Regen Millichip,*********,*********
Casandra Tatford,*********,*********
Jarret Cranstone,*********,*********
Vachel Jeanon,*********,*********
Caspar Gopsill,*********,*********
Jeramey Farguhar,*********,*********
Darbie Brunet,*********,*********
Daron Raye,*********,*********
Gillan Lovart,*********,*********
Nathaniel Hyndson,*********,*********
Sophia Wann,*********,*********
Blaine Wenden,*********,*********
Kayley Meaking,*********,*********
Dorian Parsisson,*********,*********
Mathilde O'Crevy,*********,*********
Franzen Peniello,*********,*********
Jordanna Challice,*********,*********
Nanine McIlhagga,*********,*********
Joaquin Fennell,*********,*********
Neysa Milligan,*********,*********
Ainslee Edrich,*********,*********
Dorisa Pirkis,*********,*********
Cori Gentle,*********,*********
Nevil Harburtson,*********,*********
Manda Bedward,*********,*********
Berny Cully,*********,*********
Purcell Farrow,*********,*********
Angus Awty,*********,*********
Joscelin Pellingar,*********,*********
Tait Harpham,*********,*********
Berk Wogden,*********,*********
Alwyn Bernardo,*********,*********
Vernen Toffel,*********,*********
Corrinne Fripps,*********,*********
Jillane Withur,*********,*********
Breena Vahey,*********,*********
Gillian Keigher,*********,*********
Ozzie Issacoff,*********,*********
Dacia Ben,*********,*********
Robbyn McCullen,*********,*********
Tommie Sacco,*********,*********
Nadia McLemon,*********,*********
Mahmud Ettles,*********,*********
Britta Jochanany,*********,*********
Adelind Pirie,*********,*********
Magda Braunston,*********,*********
Belicia Plevey,*********,*********
Yankee Biddle,*********,*********
Yovonnda Keays,*********,*********
Vina Goldwater,*********,*********
Jennee McOrkill,*********,*********
Sylvia Digan,*********,*********
Ryan Amort,*********,*********
Blake Schultes,*********,*********
Bruis Fosdyke,*********,*********
Gianna Drysdall,*********,*********
Coral Turvey,*********,*********
Chev Millichap,*********,*********
Marshall Van den Oord,*********,*********
Tamas Brodest,*********,*********
Olia Ridwood,*********,*********
Bunnie Macconaghy,*********,*********
Wilie Pleavin,*********,*********
Edgar Ditty,*********,*********
Pooh Armatage,*********,*********
Astrid Bradnam,*********,*********
Alexei Sarra,*********,*********
Wesley Queen,*********,*********
Jules Courcey,*********,*********
Nickolas Gainsborough,*********,*********
Rochella Waterstone,*********,*********
Dyane Lebreton,*********,*********
Hayes Godbolt,*********,*********
Armand Margarson,*********,*********
Lief Tester,*********,*********
Wyn Jamary,*********,*********
Gabriela Robic,*********,*********
Oona Rolinson,*********,*********
Rex Souza,*********,*********
Marylee Sayer,*********,*********
Gaye Zannutti,*********,*********
Lani Herity,*********,*********
King Glew,*********,*********
Shirlene Woof,*********,*********
Benton Masdon,*********,*********
Kenny Teaze,*********,*********
Courtenay Dowdle,*********,*********
Nedda Dargie,*********,*********
Joela Lattey,*********,*********
Cass Duck,*********,*********
Judye Fitzsymonds,*********,*********
Caressa Rootes,*********,*********
Pascal Albany,*********,*********
Davide Lemm,*********,*********
Alister Thewles,*********,*********
Marylinda Farmar,*********,*********
Jeno Sawyers,*********,*********
Norine Pantry,*********,*********
Booth Keast,*********,*********
Siffre Vaneev,*********,*********
Darcie Geaveny,*********,*********
Robinetta Paviour,*********,*********
Ludwig Bellocht,*********,*********
Aubrey Uren,*********,*********
Alexis Sawkin,*********,*********
Roxanne Banks,*********,*********
Massimiliano Zebedee,*********,*********
Morly Beatens,*********,*********
Murdoch Slobom,*********,*********
Uriel Kimbling,*********,*********
Clarence Lemme,*********,*********
Odella Degoe,*********,*********
Martynne Carriage,*********,*********
Lurline Bavester,*********,*********
Johnathan Gilby,*********,*********
Levin Rue,*********,*********
Neil Hounsome,*********,*********
Garrek Ulyat,*********,*********
Tabby Overnell,*********,*********
Blaire Seager,*********,*********
Bryn Rootham,*********,*********
Hedwiga Lashmore,*********,*********
Marja Ingarfill,*********,*********
Ezekiel Reglar,*********,*********
Margaretta Bayne,*********,*********
Angeline Briffett,*********,*********
Fanny Gameson,*********,*********
Malissa McEntee,*********,*********
Claresta Maria,*********,*********
Paulie Garms,*********,*********
Stormie Nore,*********,*********
Heath Struthers,*********,*********
Alphonso Elmar,*********,*********
Ainslee Mathias,*********,*********
Wainwright Lanon,*********,*********
Sutherland Edson,*********,*********
Beverly Midghall,*********,*********
Jeramie Lebarree,*********,*********
Cherrita Darington,*********,*********
Jeanne Seely,*********,*********
Palm Pellamonuten,*********,*********
Violet Seagrave,*********,*********
Clement Lorraine,*********,*********
Wheeler Harber,*********,*********
Noami Clementucci,*********,*********
Gaspar Batterbee,*********,*********
Erasmus Gateland,*********,*********
Ros Gimenez,*********,*********
Thurston Dreghorn,*********,*********
Jehu Seares,*********,*********
Flin Kibblewhite,*********,*********
Alicea Casacchia,*********,*********
Stewart Dungate,*********,*********
Kingsly Turrell,*********,*********
Steward Paschek,*********,*********
Lannie Leech,*********,*********
Jennifer Cridlon,*********,*********
Abeu Cuschieri,*********,*********
Dulcine Imlaw,*********,*********
Ramonda Tawse,*********,*********
Ermentrude Celler,*********,*********
Cherrita Rainsden,*********,*********
Fidela Carvil,*********,*********
Magdalen Libbis,*********,*********
Clarence Bartolomucci,*********,*********
Lolita Leborgne,*********,*********
Debi Sergent,*********,*********
Elinore Crossthwaite,*********,*********
Shurwood Crus,*********,*********
Joellen Janikowski,*********,*********
Cher Kopisch,*********,*********
Donny Slimon,*********,*********
Chris Hurdis,*********,*********
Ervin Hitter,*********,*********
Rana Drinkhill,*********,*********
Salome Spacey,*********,*********
Keir Gregg,*********,*********
Egan Dallimare,*********,*********
Emilia Edgar,*********,*********
Ricard Cheeney,*********,*********
Dean Boase,*********,*********
Tanney Pirnie,*********,*********
Minni Henriquet,*********,*********
Trude Grumble,*********,*********
Kimbra Tapscott,*********,*********
Jillian Guinery,*********,*********
Emlen Pittaway,*********,*********
Magdalena Duffer,*********,*********
Angelique MacNeill,*********,*********
Yevette Napolitano,*********,*********
Georges McMeanma,*********,*********
Abner Giorio,*********,*********
Dorry Muck,*********,*********
Gillie Egglestone,*********,*********
Suzie MacKenzie,*********,*********
Alana Reinert,*********,*********
Zsa zsa Veregan,*********,*********
Reg Ruppele,*********,*********
Noreen Sammon,*********,*********
Cloris Mabbe,*********,*********
Mehetabel Keenor,*********,*********
Klarrisa Reddoch,*********,*********
Karlene Giamelli,*********,*********
Joby Schultes,*********,*********
Joline Dyte,*********,*********
Sharon Silverman,*********,*********
Hazel Danzey,*********,*********
Shayla Triner,*********,*********
Geneva Ollie,*********,*********
Florance Fass,*********,*********
Marci Brazenor,*********,*********
Wallie Arnke,*********,*********
Rafaelia Ancliffe,*********,*********
Babette Cherrett,*********,*********
Jordain Parkman,*********,*********
Evelina Dunnaway,*********,*********
Aloise Batie,*********,*********
Donia Doog,*********,*********
Wilone Stallen,*********,*********
Catlin Clist,*********,*********
Sigvard Sture,*********,*********
Maureen Passion,*********,*********
Susy Flye,*********,*********
Pat O' Donohue,*********,*********
Daisie Ayers,*********,*********
Marigold Blaksland,*********,*********
Christie Lamboll,*********,*********
Josselyn Glanders,*********,*********
Dave Wyon,*********,*********
Prisca Aizikov,*********,*********
Julia Batchan,*********,*********
Benoite Dymick,*********,*********
Christophorus Argontt,*********,*********
Leisha Awcock,*********,*********
Paddie Eley,*********,*********
Guntar Chinnick,*********,*********
Lynelle Couve,*********,*********
Valle Richarz,*********,*********
Clerkclaude Uccelli,*********,*********
Mikkel Tuting,*********,*********
Carrol Liddel,*********,*********
Freemon Braffington,*********,*********
Pru Reppaport,*********,*********
Norbie Wheelhouse,*********,*********
Kaia Rubinsaft,*********,*********
Everett Seer,*********,*********
Cordey Jerred,*********,*********
Britt Lievesley,*********,*********
Lancelot Kick,*********,*********
Kassandra Fahrenbacher,*********,*********
Ibrahim Hubbard,*********,*********
Gwenni Littell,*********,*********
Kelley Roycraft,*********,*********
Randene Chaudhry,*********,*********
Jane Smorfit,*********,*********
Nolana Caherny,*********,*********
Romain Broomfield,*********,*********
Trula Gillon,*********,*********
Emmey McTeague,*********,*********
Adrienne Dumbelton,*********,*********
Thedrick Frayling,*********,*********
Rabbi Commucci,*********,*********
Dalton Colvill,*********,*********
Lucius Feldbau,*********,*********
Artie Mercey,*********,*********
Lela Huxton,*********,*********
Barr Conrard,*********,*********
Isidore Haseldine,*********,*********
Tabby Heinle,*********,*********
Brady Scroyton,*********,*********
Percy Clementi,*********,*********
Francois Domican,*********,*********
Desirae Isselee,*********,*********
Lilia Pettegre,*********,*********
Wilton Keyte,*********,*********
Lalo Boyd,*********,*********
Steffie Patullo,*********,*********
Layney Glison,*********,*********
Bord Stiant,*********,*********
Marci Abry,*********,*********
Sonja Le Grove,*********,*********
Beverley Walliker,*********,*********
Rockwell Jon,*********,*********
Ophelie Cockran,*********,*********
Willie Sreenan,*********,*********
Patty Ninnis,*********,*********
Ryan Maciocia,*********,*********
Loralie Clair,*********,*********
Iolanthe Brydon,*********,*********
Colly Alman,*********,*********
North Clawe,*********,*********
Fowler Lawrenz,*********,*********
Bird MacRory,*********,*********
Ingar Da Costa,*********,*********
Malia Roles,*********,*********
Monty Lemmen,*********,*********
Isidoro Wigfall,*********,*********
Dulsea MacScherie,*********,*********
Benedict Rainsdon,*********,*********
Zonda MacConneely,*********,*********
Keefe Pichan,*********,*********
Biron Craydon,*********,*********
Granger Winch,*********,*********
Sileas Pannaman,*********,*********
Elberta Tallman,*********,*********
Tades McCaskill,*********,*********
Arlana Pocke,*********,*********
Grantley Van den Broek,*********,*********
Derk Ducham,*********,*********
Lexi Maleney,*********,*********
Robby Alcott,*********,*********
Hallsy Spearing,*********,*********
Margaretta Van Dalen,*********,*********
Eberto Caldow,*********,*********
Kikelia Huitson,*********,*********
Son Galley,*********,*********
Ellwood Laity,*********,*********
Baird Reiach,*********,*********
Mela Smeeton,*********,*********
Krystle Gretton,*********,*********
Ailyn Loftin,*********,*********
Kelcie Hardwell,*********,*********
Marcellus Melonby,*********,*********
Constantia McGuff,*********,*********
Maddy De'Vere - Hunt,*********,*********
Vonni Polglaze,*********,*********
Katy Cussen,*********,*********
Barnaby O'Sherin,*********,*********
Randi Gabbotts,*********,*********
Ingrim Belf,*********,*********
Sofie Benkin,*********,*********
Camille Issacson,*********,*********
Noach Trayton,*********,*********
Perkin Lanchbery,*********,*********
Jacquenetta Jobin,*********,*********
Carlynne Joynes,*********,*********
Nefen Dalley,*********,*********
Kacey Banat,*********,*********
Brunhilda Kilbane,*********,*********
Maddie Ades,*********,*********
Rosanna Pretty,*********,*********
Claire Couvert,*********,*********
Emmeline Baselli,*********,*********
Tally Brockie,*********,*********
Bartholomeo Millwater,*********,*********
Cyndi Inkin,*********,*********
Jordana Adamini,*********,*********
Constantino Pailin,*********,*********
Shoshana Biaggioni,*********,*********
Danit Scollick,*********,*********
Brit Pheasey,*********,*********
Filbert Stockhill,*********,*********
Eugene Levesley,*********,*********
Erina Hanks,*********,*********
Selby Gavaghan,*********,*********
Mike Campanelli,*********,*********
Cathee Mount,*********,*********
Frankie Bronger,*********,*********
Nikola Saltmarshe,*********,*********
Karlik Marjot,*********,*********
Giustina McDugal,*********,*********
Eileen Lundbeck,*********,*********
Jaymee Twigger,*********,*********
Bryn Whitsey,*********,*********
Ferrel Drennan,*********,*********
Lexi Grabham,*********,*********
Darleen Simeonov,*********,*********
Valentina Ludvigsen,*********,*********
Hale Janas,*********,*********
Dud Haysman,*********,*********
Coletta Worham,*********,*********
Alf Pirozzi,*********,*********
Rip Gioani,*********,*********
Brennan Waghorn,*********,*********
Antonius Fennelly,*********,*********
Derwin Gaul,*********,*********
Patience Allinson,*********,*********
Kirbee Zettler,*********,*********
Nolan Sprackling,*********,*********
Rolph Skeel,*********,*********
Bent Sand,*********,*********
Fabiano Horning,*********,*********
Aurel Barense,*********,*********
Staford Wardroper,*********,*********
Ninnette Stickford,*********,*********
Tobe McCarrell,*********,*********
Arlinda Mc Ilory,*********,*********
Greer Gilmour,*********,*********
Godfrey Meagher,*********,*********
Brigida Argont,*********,*********
Iseabal Bottoner,*********,*********
Jillene Yuille,*********,*********
Trula Laying,*********,*********
Arluene Iamittii,*********,*********
Bianca Gisbye,*********,*********
Timoteo Linley,*********,*********
Melissa Shotton,*********,*********
Frasquito Royse,*********,*********
Powell Abramowitz,*********,*********
Aprilette Slingsby,*********,*********
Perry Scinelli,*********,*********
Trudi Bims,*********,*********
Karin Buxsy,*********,*********
Pembroke Weed,*********,*********
Britt Orbon,*********,*********
Doroteya Simeons,*********,*********
Fabiano Sissons,*********,*********
Ronica Muino,*********,*********
Linnie Lamas,*********,*********
Lorenza Lewendon,*********,*********
Mordecai Lumpkin,*********,*********
Hilda Tesauro,*********,*********
Grethel Proctor,*********,*********
Llywellyn Shuard,*********,*********
Diann Mapplethorpe,*********,*********
Matilde Hartles,*********,*********
Roby Juanico,*********,*********
Corabel Clixby,*********,*********
Thea Peek,*********,*********
Cristin Newby,*********,*********
Morlee Grint,*********,*********
Fabiano Janik,*********,*********
Howey Strooband,*********,*********
Thomasa Sidey,*********,*********
Elisabetta Kilshaw,*********,*********
Merna Grimsdyke,*********,*********
Jennilee Coppens,*********,*********
Phil Anfrey,*********,*********
Eberhard Minucci,*********,*********
Arch Ferrarin,*********,*********
Julius Eakeley,*********,*********
Heinrik Ferrelli,*********,*********
Adela Bascombe,*********,*********
Addie Estabrook,*********,*********
Lauraine Beevis,*********,*********
Gifford Hayfield,*********,*********
Boigie Louth,*********,*********
Filippo Takos,*********,*********
Harrietta Kingswold,*********,*********
Shoshana Gorbell,*********,*********
Galina O'Carroll,*********,*********
Salvatore Salvadori,*********,*********
Em Keuntje,*********,*********
Alessandro Soloway,*********,*********
Cynthea Anespie,*********,*********
Dalli Bims,*********,*********
Celina Goulborne,*********,*********
Nappie Dank,*********,*********
Berkly Hazeldene,*********,*********
Alidia Grahlman,*********,*********
Nanine Etteridge,*********,*********
Christabella Tench,*********,*********
Sanford Pelling,*********,*********
Matti Chancellor,*********,*********
Bibby Helis,*********,*********
Emelda Cinderey,*********,*********
Sansone Lillecrop,*********,*********
Chic MacGettigen,*********,*********
Padget Willets,*********,*********
Sauncho Weatherhogg,*********,*********
Janot Liddon,*********,*********
Vonnie Pentony,*********,*********
Cordi Carriage,*********,*********
Diane-marie Rosendall,*********,*********
Marna Heggadon,*********,*********
Sharlene Salkeld,*********,*********
Esma Lindsay,*********,*********
Nero Dumini,*********,*********
Gary Taffrey,*********,*********
Bria Redpath,*********,*********
Christy Byfield,*********,*********
Claretta Ingman,*********,*********
Fitzgerald Baston,*********,*********
Hermie Quixley,*********,*********
Lurette Thumnel,*********,*********
Eldon Galliver,*********,*********
Adela Trobey,*********,*********
Lory Helliker,*********,*********
Ricki Chilcotte,*********,*********
Rickert Holmyard,*********,*********
Gavra Dzeniskevich,*********,*********
Lissie Winspur,*********,*********
Carrissa Dorbin,*********,*********
Dasie Kembery,*********,*********
Sapphira Rubes,*********,*********
Johannes Dome,*********,*********
Liana Stockill,*********,*********
Erica Spillett,*********,*********
Alexio Armin,*********,*********
Homer Cristoforetti,*********,*********
Marji Scollard,*********,*********
Gusty De Cruze,*********,*********
Rick Milier,*********,*********
Clarine Rentilll,*********,*********
Stacee Swyndley,*********,*********
Corenda Braiden,*********,*********
Kean Backshill,*********,*********
Cori Glassard,*********,*********
Sibyl Vanner,*********,*********
Lettie Tesdale,*********,*********
Flinn Humber,*********,*********
Lind Tousy,*********,*********
Jennie Harrald,*********,*********
Alisun Verheijden,*********,*********
Thorin Sprackling,*********,*********
Aura Sperry,*********,*********
Gerladina Shervil,*********,*********
Kinny Gregoraci,*********,*********
Luce Lambe,*********,*********
Codee Keeble,*********,*********
Ingrim McFall,*********,*********
Madge Hanratty,*********,*********
Martainn Stollsteimer,*********,*********
Cally Reinbeck,*********,*********
Rouvin Hubball,*********,*********
Wendie Unsworth,*********,*********
Thadeus Coniff,*********,*********
Prent McNysche,*********,*********
Dael Branca,*********,*********
Durward Nibley,*********,*********
Alfie Crassweller,*********,*********
Emeline Laviss,*********,*********
Gilemette Gai,*********,*********
Carlye Jellard,*********,*********
Elisha Vallack,*********,*********
Florenza Lorenzo,*********,*********
Muriel Mingard,*********,*********
Walton Nucci,*********,*********
Lyndy Pickburn,*********,*********
Cassie Bloxham,*********,*********
Jayme Glidden,*********,*********
Roseanna Tibbetts,*********,*********
Liesa Kamena,*********,*********
Colet Assinder,*********,*********
Gelya Kleynen,*********,*********
Hamilton Surmon,*********,*********
Keene Northridge,*********,*********
Kennett Carr,*********,*********
Valene Geill,*********,*********
Cindelyn Doorly,*********,*********
Binny Gilkes,*********,*********
Celestine Bosquet,*********,*********
Frasquito Northcliffe,*********,*********
Lauri Parsonage,*********,*********
Paulie McGorman,*********,*********
Marlyn Shovel,*********,*********
Tasia Elmhurst,*********,*********
Emelina Itzakson,*********,*********
Zahara Denyagin,*********,*********
Salomone Klesse,*********,*********
Jasmin Manginot,*********,*********
Nickey Bouts,*********,*********
Morly Atger,*********,*********
Leopold Waulker,*********,*********
Pieter Bagshaw,*********,*********
Kirsten Creevy,*********,*********
Sheila-kathryn Gaspero,*********,*********
Bing oldey,*********,*********
Jemmie Skuce,*********,*********
Erny Flipek,*********,*********
Gipsy Jepensen,*********,*********
Celinka Kesterton,*********,*********
Theobald France,*********,*********
Loralee Lehrle,*********,*********
Mycah Pitkin,*********,*********
Zarah Smyth,*********,*********
Otis Rankling,*********,*********
Leroi Jouanny,*********,*********
Shay Reinisch,*********,*********
Annabelle Caudelier,*********,*********
Vickie Davenhill,*********,*********
Reena Harmes,*********,*********
Malina Beaby,*********,*********
Bernard Balnaves,*********,*********
Skipp Whitmore,*********,*********
Leon Roj,*********,*********
Lynnett Kacheler,*********,*********
Ettie Talks,*********,*********
Kalli Jordanson,*********,*********
Hyacinthie Huggen,*********,*********
Ania Yegorkin,*********,*********
Rollins Menlove,*********,*********
Tris McCunn,*********,*********
Willy Olwen,*********,*********
Abby Korb,*********,*********
Margaret Borg,*********,*********
Lorain Bunn,*********,*********
Bronson Wimp,*********,*********
Millie Culbard,*********,*********
Betta Towe,*********,*********
Jerrilee Milvarnie,*********,*********
Madelina Green,*********,*********
Eleonore Kauble,*********,*********
Sandy Symon,*********,*********
Lauren Paudin,*********,*********
Shep Nesbeth,*********,*********
Corrinne Walby,*********,*********
Rania Spadotto,*********,*********
Orlan Swidenbank,*********,*********
Madalena Trubshaw,*********,*********
Flss Gillcrist,*********,*********
Akim Carnell,*********,*********
Ellary Fonzo,*********,*********
Barry Blencoe,*********,*********
Analise Schult,*********,*********
Iolanthe Van Niekerk,*********,*********
Zulema Wycherley,*********,*********
Grantham Dilgarno,*********,*********
Farah Brainsby,*********,*********
Arlee Rawcliff,*********,*********
Sheri Triebner,*********,*********
Lynnelle Jordin,*********,*********
Kendell Bayles,*********,*********
Neville Bittleson,*********,*********
Wood McGiff,*********,*********
Micheil Davidovic,*********,*********
Sybila Sussems,*********,*********
Viva Ferreira,*********,*********
Ashley Nutley,*********,*********
Darb le Keux,*********,*********
Bogey Starzaker,*********,*********
Shae Dawtrey,*********,*********
Lanie Oram,*********,*********
Jori McNea,*********,*********
Freida Sparkwell,*********,*********
Cointon Warhurst,*********,*********
Elmo Savage,*********,*********
Bee Munton,*********,*********
Debera Tabram,*********,*********
Kara-lynn Wastie,*********,*********
Thorsten Kilmurray,*********,*********
Robinetta Massinger,*********,*********
Rutter Lampe,*********,*********
Gayler Moukes,*********,*********
Elnora Breem,*********,*********
Judie Sirette,*********,*********
Ragnar Casswell,*********,*********
Ignazio Bridson,*********,*********
Gael Bucher,*********,*********
Dwayne Somerscales,*********,*********
Justen Sallan,*********,*********
Rosalynd Haddington,*********,*********
Edy Laughtisse,*********,*********
Nana Golsworthy,*********,*********
Mella Aurelius,*********,*********
Jerrie Rantoul,*********,*********
Maximilien Lecointe,*********,*********
Agatha Arrighi,*********,*********
Obie Kirton,*********,*********
Kordula Hammett,*********,*********
Miltie Gavozzi,*********,*********
Marty Legendre,*********,*********
Vincents D'Alwis,*********,*********
Den Eglise,*********,*********
Connie Ravenscroft,*********,*********
Raina Heskin,*********,*********
Tobey Seawell,*********,*********
Tomas Bothams,*********,*********
Abdel Balshen,*********,*********
Edlin Wagge,*********,*********
Minni Matzen,*********,*********
Charmain Toffanelli,*********,*********
Sarge Frawley,*********,*********
Gwenore Gueny,*********,*********
Channa Matsell,*********,*********
Nomi Gwyneth,*********,*********
Morganica Giovanardi,*********,*********
Silvio Heak,*********,*********
Jareb Harrild,*********,*********
Francesca Knudsen,*********,*********
Nichole Comizzoli,*********,*********
Xerxes Server,*********,*********
Phaedra Ganniclifft,*********,*********
Alison Hysom,*********,*********
Sileas Hart,*********,*********
Shurwood Moysey,*********,*********
Sharlene Eayrs,*********,*********
Jarret Nary,*********,*********
Barbaraanne Monery,*********,*********
Maegan Gribbin,*********,*********
Maxwell Simond,*********,*********
Seward Stedall,*********,*********
Marnia Mirfin,*********,*********
Mala Moorcraft,*********,*********
Margalit Brose,*********,*********
Ellis Havik,*********,*********
Gretal Vedmore,*********,*********
Barth Hucke,*********,*********
Annabela Chettle,*********,*********
Britni Parriss,*********,*********
Paton McCritchie,*********,*********
Isis Bellerby,*********,*********
Johnette Twittey,*********,*********
Twyla Whitehorne,*********,*********
Thoma Luety,*********,*********
Tuck Glentworth,*********,*********
Shaylynn Shambrook,*********,*********
Joel Hindsberg,*********,*********
Georgine Going,*********,*********
Jacynth Over,*********,*********
Elwin Klicher,*********,*********
Arnie Avard,*********,*********
Quincey Baert,*********,*********
Fernandina Comins,*********,*********
Lise Farryann,*********,*********
Alverta Fawley,*********,*********
Grady Splevins,*********,*********
Francis Klampt,*********,*********
Ferdinanda Deam,*********,*********
Zahara Lincey,*********,*********
Marlo Mannooch,*********,*********
Emiline Haw,*********,*********
Carce Atkinson,*********,*********
Nalani Dulake,*********,*********
Sigmund Porcher,*********,*********
Harriett Joy,*********,*********
Cyndie McLeish,*********,*********
Carlene Snelman,*********,*********
Kat Shovlar,*********,*********
Lyndell Roubeix,*********,*********
Sara-ann Yarnley,*********,*********
Pru Kiloh,*********,*********
Mariel Verlander,*********,*********
Giovanna Yurmanovev,*********,*********
Allan Reoch,*********,*********
Ekaterina Pilkinton,*********,*********
Mariel Lofthouse,*********,*********
Padraig Nadin,*********,*********
Denny Rye,*********,*********
Babbie Greenmon,*********,*********
Colin Acors,*********,*********
Lars Bouldon,*********,*********
Lynn Hosier,*********,*********
Malcolm Lovejoy,*********,*********
Nike Isakovitch,*********,*********
Nadeen Moysey,*********,*********
Risa Maylam,*********,*********
Jandy Durkin,*********,*********
Abbey Pietz,*********,*********
Ban Conws,*********,*********
Gertie Dautry,*********,*********
Tessa Deinhardt,*********,*********
Salomi Doust,*********,*********
Geri Gaywood,*********,*********
Beverley Bygrove,*********,*********
Coretta Oxberry,*********,*********
Alano Turk,*********,*********
Dael Cornewall,*********,*********
Sheppard Veck,*********,*********
Moselle Grassett,*********,*********
Blair Cherrett,*********,*********
Ailyn Danev,*********,*********
Clarabelle Hands,*********,*********
Rhodie Le Friec,*********,*********
Currie Mayou,*********,*********
Daisy Mowett,*********,*********
Delilah Nattriss,*********,*********
Archibaldo Basilio,*********,*********
Walsh O'Hone,*********,*********
Deni Andryunin,*********,*********
Winny Morsom,*********,*********
Hale Semaine,*********,*********
Arlee Hilldrup,*********,*********
Giorgia Baiyle,*********,*********
Earlie Handmore,*********,*********
Perrine Shropshire,*********,*********
Sonia Bradnum,*********,*********
Mile Jennions,*********,*********
Saba Stacey,*********,*********
Kirby Nesby,*********,*********
