id,firstname,lastname,gender,email,phone,city
1,Zilvia,Farnorth,Female,zfarnorth0@npr.org,(288) 9737185,Zhonghe
2,Krissy,Eayrs,Female,keayrs1@topsy.com,(863) 3768394,Bourg-en-Bresse
3,Berny,Simkovich,Male,bsimkovich2@blogs.com,(195) 6104355,Solna
4,Jerald,Lougheid,Male,jlougheid3@amazonaws.com,(719) 7250230,Barru
5,Cly,Lesek,Male,clesek4@icio.us,(148) 6421982,Dailekh
6,Farlie,Dingwall,Male,fdingwall5@ocn.ne.jp,(950) 2734687,Jiazi
7,Filippo,Lamzed,Male,flamzed6@hc360.com,(877) 4141170,Pekuncen
8,Orelee,Hunstone,Female,ohunstone7@hp.com,(913) 4744971,Kedungcangkring
9,Lucy,Rentelll,Female,lrentelll8@ebay.co.uk,(820) 7260000,Cajueiro
10,Travis,Gitsham,Male,tgitsham9@edublogs.org,(762) 2112521,Qal‘ah-ye Shāhī
11,Lia,Fyers,Female,lfyersa@howstuffworks.com,(450) 7867093,Sidoaji
12a,Robby,Curedell,Female,rcuredellb@infoseek.co.jp,(531) 4890925,Santa Vitória do Palmar
13,Melany,Duny,Female,mdunyc@cam.ac.uk,(337) 8835995,Lafayette
14,Eldredge,Jeffress,Male,ejeffressd@yelp.com,(283) 6322650,Hoboksar
15,Dame,Reinhardt,Male,dreinhardte@seattletimes.com,(615) 6689955,Jinan-gun
16,Heath,Teggart,Male,hteggartf@virginia.edu,(409) 4050774,Āl Ma‘ūdah
17,Matthew,Castaignet,Male,mcastaignetg@spotify.com,(799) 7328687,Saint-Rémi
18,Valentijn,Raraty,Male,vraratyh@g.co,(843) 6536223,Kolape
19,Evangeline,Bangle,Female,ebanglei@surveymonkey.com,(109) 2564639,Sebewe
20,Melvyn,Kobsch,Male,mkobschj@unc.edu,(375) 4180396,Chuanshan
21,Gunther,Paddefield,Male,gpaddefieldk@mozilla.org,(943) 7355049,Panyingkiran
22,Dorthea,Stanney,Female,dstanneyl@behance.net,(850) 8669034,Qiaotou
23,Bendite,McCrone,Female,bmccronem@gov.uk,(577) 7271029,Mizur
24,Tillie,Juszczyk,Female,tjuszczykn@hexun.com,(259) 1770858,Yuchi
25,Noe,Rozalski,Male,nrozalskio@yahoo.com,(832) 2169244,Lingxi
26,Towney,Simmonds,Male,tsimmondsp@alexa.com,(575) 7075994,Huaniao