id,name,email,password,department,phone
1,Neill Kimmerling,*********,*********,Engineering,907-722-5285
2,Sergent Holdron,*********,*********,Accounting,130-943-7196
3,Raynor Kellitt,*********,*********,Research and Development,131-202-7177
4,Tim Andrieu,*********,*********,Support,670-598-7869
5,Hallsy Morena,*********,*********,Marketing,412-176-5148
6,Car Abeles,*********,*********,Accounting,676-246-5933
7,Cesare Grigolashvill,*********,*********,Support,391-450-5574
8,Gardner Van der Brugge,*********,*********,Product Management,296-120-4643
9,Gay Cronk,*********,*********,Human Resources,633-933-8090
10,Lynda Braim,*********,*********,Legal,482-775-5913
11,Genovera Dows,*********,*********,Legal,617-197-2717
12,Ronny Brady,*********,*********,Training,213-813-8906
13,Alano Velareal,*********,*********,Accounting,770-186-8995
14,Janina Chape,*********,*********,Business Development,253-844-7783
15,Meggi Crannell,*********,*********,Engineering,415-323-9689
16,Carmel Gallymore,*********,*********,Training,343-107-8439
17,Ibbie Forshaw,*********,*********,Engineering,223-673-6013
18,Junia Garbutt,*********,*********,Product Management,217-944-8951
19,Cleveland Eadmeads,*********,*********,Services,419-530-0180
20,Annalise Scarsbrick,*********,*********,Business Development,485-688-5169
21,Marcelia Paquet,*********,*********,Services,233-204-0385
22,Dennie Di Nisco,*********,*********,Accounting,327-769-2297
23,Reamonn Hankins,*********,*********,Business Development,795-674-4350
24,Jacquenette Ellwell,*********,*********,Legal,938-196-7610
25,Abra Needs,*********,*********,Marketing,787-540-0822
26,Noel Karus,*********,*********,Human Resources,623-225-2017
27,Cosette Wort,*********,*********,Support,371-926-0777
28,Farris Danihelka,*********,*********,Legal,636-532-3476
29,Gerianna Buchanan,*********,*********,Product Management,348-413-1787
30,Adrian Liff,*********,*********,Accounting,467-391-4919
31,Joane Wilson,*********,*********,Business Development,482-221-9346
32,Vannie O'Carrol,*********,*********,Sales,129-673-6797
33,Mohandas Fisbey,*********,*********,Human Resources,698-557-7768
34,Farrel Balleine,*********,*********,Engineering,231-765-0227
35,Wright Claybourne,*********,*********,Engineering,356-155-6579
36,Kenyon Woolmer,*********,*********,Human Resources,519-493-4474
37,Krispin Ickowics,*********,*********,Product Management,357-753-4452
38,Eddy Creamer,*********,*********,Product Management,584-252-4148
39,Fanya Capelen,*********,*********,Marketing,222-708-5623
40,Casper Butterfield,*********,*********,Human Resources,796-792-7943
41,Corinna Tonks,*********,*********,Legal,107-278-5228
42,Arleen Gallear,*********,*********,Research and Development,840-751-0752
43,Hartwell Fermor,*********,*********,Engineering,162-275-1993
44,Cloris Fidell,*********,*********,Human Resources,621-213-3712
45,Adorne Segrave,*********,*********,Sales,193-641-9437
46,Basil Wilshin,*********,*********,Support,344-429-0361
47,Earvin Southers,*********,*********,Research and Development,560-485-2883
48,Shelby Mazzey,*********,*********,Services,177-429-0540
49,Krissy McCowen,*********,*********,Engineering,271-800-2299
50,Belvia MacDiarmid,*********,*********,Engineering,699-818-1485
51,Willdon Stoppe,*********,*********,Marketing,144-915-2280
52,Roxy Bielefeld,*********,*********,Marketing,141-492-8865
53,Tedmund Brimmell,*********,*********,Training,215-184-0076
54,Courtney Winstanley,*********,*********,Support,145-813-6141
55,Gretta Ollin,*********,*********,Support,960-130-8267
56,Theobald Grassett,*********,*********,Research and Development,924-380-0463
57,Steffie Beamand,*********,*********,Research and Development,142-145-1140
58,Maribelle Barrat,*********,*********,Training,914-827-6202
59,Seumas Capel,*********,*********,Business Development,342-161-8894
60,Brigitte Leadbeatter,*********,*********,Engineering,330-386-4810
61,Micky Cavilla,*********,*********,Training,564-970-9300
62,Mari Leonardi,*********,*********,Services,854-851-5410
63,Gertrudis Sanchez,*********,*********,Services,753-461-3170
64,Beaufort Corneck,*********,*********,Product Management,289-698-2367
65,Anett Doldon,*********,*********,Services,101-211-0456
66,Chad Littlejohn,*********,*********,Business Development,515-835-5882
67,Almeda Bowser,*********,*********,Legal,633-248-3246
68,Billi McGuiness,*********,*********,Legal,810-223-5359
69,Irwin Hawksley,*********,*********,Training,384-929-1054
70,Aube Hyndley,*********,*********,Human Resources,781-420-4620
71,Saraann Stothard,*********,*********,Sales,465-890-5554
72,Cecilla Rolfo,*********,*********,Support,350-312-8848
73,Edna Rawkesby,*********,*********,Services,703-959-5010
74,Edd Eckley,*********,*********,Engineering,567-594-5334
75,Nan Gosling,*********,*********,Business Development,168-274-9707
76,Vanya Gellately,*********,*********,Marketing,941-908-7108
77,Orel McCallam,*********,*********,Sales,680-316-0766
78,Trudie Martynov,*********,*********,Engineering,742-285-1469
79,Ferdinande Robarts,*********,*********,Accounting,661-336-2961
80,Anthe Oade,*********,*********,Product Management,128-928-4938
81,Sileas Synan,*********,*********,Human Resources,191-410-2414
82,Giraud Desaur,*********,*********,Support,708-799-0797
83,Krystalle Allgood,*********,*********,Engineering,357-255-9702
84,Jasen Colthurst,*********,*********,Product Management,777-923-1611
85,Temp Arzu,*********,*********,Accounting,908-103-4506
86,Chauncey Carff,*********,*********,Engineering,651-924-6808
87,Red Pelos,*********,*********,Sales,503-238-2540
88,Logan Kall,*********,*********,Legal,248-987-5828
89,Phyllida Kops,*********,*********,Engineering,633-548-6091
90,Allyson Greatreax,*********,*********,Services,712-784-2584
91,Claudelle Siegertsz,*********,*********,Services,683-722-8183
92,Davida Doyland,*********,*********,Human Resources,126-249-2256
93,Riannon Rouse,*********,*********,Sales,756-261-3958
94,Andee Roelofs,*********,*********,Business Development,302-792-8104
95,Obediah Weldrick,*********,*********,Product Management,426-793-8741
96,Karlee Lecordier,*********,*********,Engineering,843-340-2827
97,Melvin Seckom,*********,*********,Services,841-218-1433
98,Ilyse Goodram,*********,*********,Product Management,546-885-6719
99,Burlie Linfitt,*********,*********,Accounting,640-826-7429
100,Roselia Siward,*********,*********,Sales,311-823-7889
101,Debbie Muschette,*********,*********,Research and Development,543-663-1357
102,Gretchen Cardis,*********,*********,Accounting,223-513-3629
103,Kirstyn Marks,*********,*********,Services,792-638-3197
104,Gaelan Gouda,*********,*********,Training,330-228-9232
105,Cassi Broadberry,*********,*********,Services,273-957-3518
106,Uri Garrish,*********,*********,Marketing,917-298-1323
107,Zandra Brimmell,*********,*********,Human Resources,155-215-7346
108,Tynan Greeson,*********,*********,Services,486-888-5308
109,Ives Blaney,*********,*********,Business Development,583-810-8210
110,Wilbert Guitte,*********,*********,Human Resources,838-630-0550
111,Gert Ioannidis,*********,*********,Marketing,874-587-1283
112,Abbot Gadson,*********,*********,Training,163-689-5347
113,Glenda Barhims,*********,*********,Legal,677-491-3012
114,Darline Shakespeare,*********,*********,Product Management,771-125-1636
115,Bennie Brennans,*********,*********,Engineering,789-984-9315
116,Gena Lamond,*********,*********,Accounting,490-519-5155
117,Wells Leedes,*********,*********,Engineering,985-538-5705
118,Zebulen Burn,*********,*********,Business Development,284-659-8901
119,Arvie Hainning,*********,*********,Research and Development,104-915-6349
120,Saxe Tunmore,*********,*********,Marketing,203-886-5274
121,Werner Le Blanc,*********,*********,Business Development,606-990-3037
122,Sindee Coit,*********,*********,Services,395-520-4584
123,Free Ahmad,*********,*********,Engineering,412-912-7981
124,Brina Whinray,*********,*********,Training,514-978-2926
125,Olga Carmo,*********,*********,Legal,316-131-3783
126,Gayel O'Driscoll,*********,*********,Engineering,515-191-7531
127,Camey Giacoppo,*********,*********,Research and Development,599-535-6365
128,Welsh Walcar,*********,*********,Accounting,683-644-9764
129,Rozanne Hawksby,*********,*********,Marketing,588-451-4463
130,Dani Jedrys,*********,*********,Product Management,212-236-1000
131,Tedda Worsall,*********,*********,Accounting,766-195-7288
132,Dana Grabeham,*********,*********,Research and Development,451-984-0063
133,Zacharia Atyeo,*********,*********,Marketing,433-966-6800
134,Sabra Smillie,*********,*********,Research and Development,410-695-2032
135,Lidia Beneze,*********,*********,Accounting,845-347-0738
136,Roger Macauley,*********,*********,Product Management,575-800-8797
137,Rodd Schreiner,*********,*********,Services,450-269-7806
138,Galven Crux,*********,*********,Sales,298-516-7928
139,Elana Goslin,*********,*********,Services,312-904-9722
140,Glori Sweetlove,*********,*********,Training,322-900-1152
141,Jenna Grimolbie,*********,*********,Business Development,202-932-2760
142,Maggi Marcham,*********,*********,Accounting,496-868-6258
143,Tammy Meaker,*********,*********,Legal,111-697-4383
144,Rosemarie Swatton,*********,*********,Engineering,253-314-8859
145,Gilbertine Padefield,*********,*********,Training,342-376-3597
146,Giustina Yallowley,*********,*********,Human Resources,172-250-1809
147,Paddy Donat,*********,*********,Sales,942-931-9879
148,Shaw Mattam,*********,*********,Product Management,747-959-2833
149,Massimiliano Ottley,*********,*********,Research and Development,426-107-7438
150,Keslie Wintersgill,*********,*********,Marketing,859-964-2530
151,Sutherland Gebbe,*********,*********,Human Resources,126-764-7712
152,Constantine Kleen,*********,*********,Support,688-155-0189
153,Evan Lys,*********,*********,Product Management,532-348-3511
154,Cindi Cumbridge,*********,*********,Engineering,633-920-7405
155,Maurice Duffil,*********,*********,Services,345-395-8140
156,Terri Emeney,*********,*********,Business Development,370-805-7456
157,Abbey Karpov,*********,*********,Training,431-572-2378
158,Kamila Anney,*********,*********,Support,179-610-3049
159,Mattias Niche,*********,*********,Training,731-410-2691
160,Quinn Larrosa,*********,*********,Legal,274-281-9839
161,Lotti Pietruschka,*********,*********,Engineering,286-686-4019
162,Archibaldo Cuseck,*********,*********,Research and Development,323-758-9311
163,Madlen Ioan,*********,*********,Accounting,759-972-3258
164,Rose Ballham,*********,*********,Product Management,744-202-9582
165,Barbee Pearton,*********,*********,Legal,948-165-1910
166,Brena Faust,*********,*********,Research and Development,333-647-7002
167,Mair Face,*********,*********,Engineering,483-785-1780
168,Rycca Valencia,*********,*********,Support,306-854-5090
169,Tremayne Verdon,*********,*********,Accounting,526-659-1303
170,Gordie Brockley,*********,*********,Research and Development,619-852-0655
171,Floria Rawsthorn,*********,*********,Human Resources,648-904-5518
172,Correy Lawrance,*********,*********,Human Resources,824-626-0816
173,Kerby Abels,*********,*********,Accounting,174-628-1747
174,Willetta Norridge,*********,*********,Product Management,563-702-6086
175,Letti Robillart,*********,*********,Research and Development,878-220-7546
176,Celestine Thebeau,*********,*********,Sales,281-678-0723
177,Pascal Flecknell,*********,*********,Engineering,583-982-2454
178,Abraham Ackermann,*********,*********,Research and Development,975-647-6436
179,Ramsay Patten,*********,*********,Marketing,539-543-3040
180,Vivienne Pobjay,*********,*********,Engineering,474-284-4991
181,Marijo Phelipeau,*********,*********,Support,923-374-7394
182,Zebedee Malt,*********,*********,Research and Development,693-446-0018
183,Joeann Verdy,*********,*********,Research and Development,266-194-9661
184,Kris Chastaing,*********,*********,Accounting,456-360-7015
185,Antonino Collett,*********,*********,Legal,573-406-5003
186,Nicki Sherborne,*********,*********,Marketing,654-425-6499
187,Maxwell Forten,*********,*********,Accounting,140-611-3061
188,Johny Verrills,*********,*********,Support,400-356-3972
189,Bethany Mizen,*********,*********,Legal,695-601-7039
190,Thea Ottosen,*********,*********,Human Resources,220-336-1371
191,Isidoro Genthner,*********,*********,Human Resources,913-505-3933
192,Ewan Oxburgh,*********,*********,Accounting,935-990-3158
193,Sibby Bancroft,*********,*********,Sales,395-278-4062
194,Yoshiko Brudenell,*********,*********,Human Resources,270-745-0580
195,Brady Matyatin,*********,*********,Training,558-367-2658
196,Mela McPhillimey,*********,*********,Accounting,997-515-3664
197,Laure Potes,*********,*********,Legal,657-558-2619
198,Ham Huffer,*********,*********,Legal,519-545-6905
199,Tymon Steuart,*********,*********,Human Resources,832-401-6043
200,Willette Preator,*********,*********,Accounting,447-774-1997
201,Tallie Elph,*********,*********,Services,555-439-9070
202,Jarrod Wornham,*********,*********,Engineering,544-933-5721
203,Carlita Cumine,*********,*********,Business Development,807-838-4251
204,Brynna Whotton,*********,*********,Research and Development,331-456-8226
205,Lexi Bogaert,*********,*********,Services,576-382-4699
206,Lesya Povey,*********,*********,Sales,520-286-9998
207,Ferdy Askem,*********,*********,Research and Development,512-988-0969
208,Alvira Martusov,*********,*********,Research and Development,964-497-7067
209,Christiana Welchman,*********,*********,Business Development,710-278-5962
210,Remy Thing,*********,*********,Sales,112-769-3731
211,Osmond Britch,*********,*********,Product Management,371-695-9355
212,Pierrette Allmark,*********,*********,Product Management,687-103-6677
213,Tammara Worvill,*********,*********,Services,195-717-6149
214,Reider Benettini,*********,*********,Sales,445-281-0797
215,Gayla Stratz,*********,*********,Product Management,512-661-6642
216,Aron Parmer,*********,*********,Accounting,424-942-9050
217,Marita Doll,*********,*********,Human Resources,504-188-1333
218,Marilin De Gregoli,*********,*********,Support,304-565-1410
219,Margarethe O' Borne,*********,*********,Engineering,633-638-8173
220,Dalt Andino,*********,*********,Accounting,966-801-1382
221,Shelley Wenderott,*********,*********,Training,561-119-8467
222,Susy Greeson,*********,*********,Marketing,412-326-2811
223,Carline Keemer,*********,*********,Business Development,227-543-4914
224,Steffie Sturrock,*********,*********,Product Management,255-460-7088
225,Rodrick Spellesy,*********,*********,Accounting,232-198-8556
226,Mendy Hesse,*********,*********,Training,954-733-5201
227,Alica Fallon,*********,*********,Marketing,207-661-5480
228,Lotty Bendig,*********,*********,Sales,145-976-2139
229,Stearn Aldington,*********,*********,Sales,510-448-2776
230,Maddi Fernie,*********,*********,Human Resources,572-220-8057
231,Regen Millichip,*********,*********,Sales,472-880-9768
232,Casandra Tatford,*********,*********,Product Management,498-174-7612
233,Jarret Cranstone,*********,*********,Legal,168-982-9627
234,Vachel Jeanon,*********,*********,Services,207-939-2116
235,Caspar Gopsill,*********,*********,Sales,591-582-1730
236,Jeramey Farguhar,*********,*********,Legal,307-449-6457
237,Darbie Brunet,*********,*********,Engineering,698-885-9267
238,Daron Raye,*********,*********,Support,289-728-8459
239,Gillan Lovart,*********,*********,Product Management,991-636-2559
240,Nathaniel Hyndson,*********,*********,Human Resources,652-686-8652
241,Sophia Wann,*********,*********,Legal,316-238-8321
242,Blaine Wenden,*********,*********,Sales,330-366-9177
243,Kayley Meaking,*********,*********,Business Development,244-593-6644
244,Dorian Parsisson,*********,*********,Research and Development,321-985-4328
245,Mathilde O'Crevy,*********,*********,Sales,999-596-2682
246,Franzen Peniello,*********,*********,Engineering,795-575-7556
247,Jordanna Challice,*********,*********,Training,214-255-6062
248,Nanine McIlhagga,*********,*********,Product Management,388-509-1486
249,Joaquin Fennell,*********,*********,Business Development,158-515-0496
250,Neysa Milligan,*********,*********,Product Management,365-418-8648
251,Ainslee Edrich,*********,*********,Legal,419-221-5895
252,Dorisa Pirkis,*********,*********,Engineering,339-824-9094
253,Cori Gentle,*********,*********,Accounting,784-311-4207
254,Nevil Harburtson,*********,*********,Human Resources,301-109-2806
255,Manda Bedward,*********,*********,Product Management,586-798-0059
256,Berny Cully,*********,*********,Marketing,237-942-9780
257,Purcell Farrow,*********,*********,Product Management,103-420-6666
258,Angus Awty,*********,*********,Engineering,700-257-7895
259,Joscelin Pellingar,*********,*********,Training,386-467-8924
260,Tait Harpham,*********,*********,Sales,246-361-3162
261,Berk Wogden,*********,*********,Accounting,325-853-4901
262,Alwyn Bernardo,*********,*********,Training,114-692-5851
263,Vernen Toffel,*********,*********,Sales,805-905-3542
264,Corrinne Fripps,*********,*********,Human Resources,976-548-6070
265,Jillane Withur,*********,*********,Research and Development,342-112-9580
266,Breena Vahey,*********,*********,Support,870-578-3358
267,Gillian Keigher,*********,*********,Accounting,185-241-5004
268,Ozzie Issacoff,*********,*********,Training,296-505-7735
269,Dacia Ben,*********,*********,Support,314-520-0232
270,Robbyn McCullen,*********,*********,Marketing,813-141-5962
271,Tommie Sacco,*********,*********,Business Development,691-490-1624
272,Nadia McLemon,*********,*********,Sales,153-303-4230
273,Mahmud Ettles,*********,*********,Services,493-105-9831
274,Britta Jochanany,*********,*********,Sales,341-560-6432
275,Adelind Pirie,*********,*********,Services,949-898-3036
276,Magda Braunston,*********,*********,Legal,567-244-0954
277,Belicia Plevey,*********,*********,Legal,211-533-1312
278,Yankee Biddle,*********,*********,Sales,823-210-0693
279,Yovonnda Keays,*********,*********,Services,337-633-0428
280,Vina Goldwater,*********,*********,Product Management,864-794-3844
281,Jennee McOrkill,*********,*********,Training,399-634-7235
282,Sylvia Digan,*********,*********,Marketing,436-267-5605
283,Ryan Amort,*********,*********,Research and Development,563-648-8926
284,Blake Schultes,*********,*********,Engineering,247-261-8847
285,Bruis Fosdyke,*********,*********,Product Management,860-850-2287
286,Gianna Drysdall,*********,*********,Engineering,320-733-2434
287,Coral Turvey,*********,*********,Training,342-586-3400
288,Chev Millichap,*********,*********,Marketing,665-623-7042
289,Marshall Van den Oord,*********,*********,Services,424-336-0983
290,Tamas Brodest,*********,*********,Support,994-102-5604
291,Olia Ridwood,*********,*********,Accounting,465-467-9006
292,Bunnie Macconaghy,*********,*********,Human Resources,270-929-4432
293,Wilie Pleavin,*********,*********,Accounting,395-511-6841
294,Edgar Ditty,*********,*********,Human Resources,425-248-1893
295,Pooh Armatage,*********,*********,Sales,794-309-6978
296,Astrid Bradnam,*********,*********,Sales,922-308-7729
297,Alexei Sarra,*********,*********,Research and Development,155-156-4913
298,Wesley Queen,*********,*********,Research and Development,986-678-9856
299,Jules Courcey,*********,*********,Engineering,186-850-8920
300,Nickolas Gainsborough,*********,*********,Marketing,643-954-5186
301,Rochella Waterstone,*********,*********,Human Resources,598-178-2419
302,Dyane Lebreton,*********,*********,Services,876-386-6810
303,Hayes Godbolt,*********,*********,Marketing,493-137-4272
304,Armand Margarson,*********,*********,Support,423-987-8684
305,Lief Tester,*********,*********,Support,453-811-3676
306,Wyn Jamary,*********,*********,Marketing,125-976-7807
307,Gabriela Robic,*********,*********,Sales,451-770-5803
308,Oona Rolinson,*********,*********,Accounting,459-529-6195
309,Rex Souza,*********,*********,Legal,194-585-2662
310,Marylee Sayer,*********,*********,Marketing,210-360-5972
311,Gaye Zannutti,*********,*********,Training,464-547-7603
312,Lani Herity,*********,*********,Accounting,712-387-7971
313,King Glew,*********,*********,Product Management,947-289-8544
314,Shirlene Woof,*********,*********,Training,862-485-4315
315,Benton Masdon,*********,*********,Marketing,858-956-2848
316,Kenny Teaze,*********,*********,Accounting,469-569-1235
317,Courtenay Dowdle,*********,*********,Support,649-120-3555
318,Nedda Dargie,*********,*********,Legal,957-970-9496
319,Joela Lattey,*********,*********,Business Development,484-784-8126
320,Cass Duck,*********,*********,Engineering,211-672-1814
321,Judye Fitzsymonds,*********,*********,Marketing,853-259-3695
322,Caressa Rootes,*********,*********,Accounting,288-688-0756
323,Pascal Albany,*********,*********,Sales,603-292-0476
324,Davide Lemm,*********,*********,Human Resources,355-143-0379
325,Alister Thewles,*********,*********,Accounting,974-618-6561
326,Marylinda Farmar,*********,*********,Training,835-610-4017
327,Jeno Sawyers,*********,*********,Support,111-435-0443
328,Norine Pantry,*********,*********,Sales,373-144-2513
329,Booth Keast,*********,*********,Services,521-320-8086
330,Siffre Vaneev,*********,*********,Training,501-193-0791
331,Darcie Geaveny,*********,*********,Marketing,635-380-8126
332,Robinetta Paviour,*********,*********,Marketing,461-618-5082
333,Ludwig Bellocht,*********,*********,Engineering,131-274-6249
334,Aubrey Uren,*********,*********,Research and Development,628-552-7655
335,Alexis Sawkin,*********,*********,Support,152-892-5967
336,Roxanne Banks,*********,*********,Engineering,973-377-3197
337,Massimiliano Zebedee,*********,*********,Business Development,104-948-3155
338,Morly Beatens,*********,*********,Business Development,815-789-8830
339,Murdoch Slobom,*********,*********,Product Management,466-320-2015
340,Uriel Kimbling,*********,*********,Legal,503-414-4615
341,Clarence Lemme,*********,*********,Product Management,300-816-8400
342,Odella Degoe,*********,*********,Marketing,860-779-3192
343,Martynne Carriage,*********,*********,Research and Development,141-418-5145
344,Lurline Bavester,*********,*********,Engineering,264-798-0244
345,Johnathan Gilby,*********,*********,Marketing,441-973-8269
346,Levin Rue,*********,*********,Services,337-167-2317
347,Neil Hounsome,*********,*********,Business Development,663-917-9156
348,Garrek Ulyat,*********,*********,Sales,990-599-3374
349,Tabby Overnell,*********,*********,Support,857-246-1872
350,Blaire Seager,*********,*********,Human Resources,945-858-0653
351,Bryn Rootham,*********,*********,Support,517-940-9410
352,Hedwiga Lashmore,*********,*********,Marketing,894-364-4903
353,Marja Ingarfill,*********,*********,Business Development,625-307-4316
354,Ezekiel Reglar,*********,*********,Research and Development,115-867-3113
355,Margaretta Bayne,*********,*********,Sales,415-477-7517
356,Angeline Briffett,*********,*********,Legal,395-101-3099
357,Fanny Gameson,*********,*********,Sales,816-965-0458
358,Malissa McEntee,*********,*********,Legal,710-573-6752
359,Claresta Maria,*********,*********,Marketing,860-844-8146
360,Paulie Garms,*********,*********,Marketing,376-283-5465
361,Stormie Nore,*********,*********,Research and Development,501-975-0637
362,Heath Struthers,*********,*********,Accounting,321-113-5641
363,Alphonso Elmar,*********,*********,Product Management,161-386-6882
364,Ainslee Mathias,*********,*********,Accounting,813-360-4234
365,Wainwright Lanon,*********,*********,Training,934-941-8642
366,Sutherland Edson,*********,*********,Legal,167-519-9455
367,Beverly Midghall,*********,*********,Services,118-532-6935
368,Jeramie Lebarree,*********,*********,Training,502-260-9517
369,Cherrita Darington,*********,*********,Research and Development,111-807-3973
370,Jeanne Seely,*********,*********,Support,105-449-2946
371,Palm Pellamonuten,*********,*********,Accounting,979-130-2383
372,Violet Seagrave,*********,*********,Product Management,649-376-4992
373,Clement Lorraine,*********,*********,Support,535-235-5824
374,Wheeler Harber,*********,*********,Product Management,950-240-4389
375,Noami Clementucci,*********,*********,Training,876-114-8584
376,Gaspar Batterbee,*********,*********,Human Resources,327-628-3413
377,Erasmus Gateland,*********,*********,Legal,632-585-8432
378,Ros Gimenez,*********,*********,Research and Development,262-896-2669
379,Thurston Dreghorn,*********,*********,Services,827-548-7247
380,Jehu Seares,*********,*********,Engineering,889-326-0691
381,Flin Kibblewhite,*********,*********,Human Resources,610-616-3512
382,Alicea Casacchia,*********,*********,Research and Development,405-732-4308
383,Stewart Dungate,*********,*********,Accounting,612-336-9368
384,Kingsly Turrell,*********,*********,Engineering,344-346-7469
385,Steward Paschek,*********,*********,Services,452-913-2432
386,Lannie Leech,*********,*********,Training,626-864-1920
387,Jennifer Cridlon,*********,*********,Training,558-987-5596
388,Abeu Cuschieri,*********,*********,Product Management,763-888-7659
389,Dulcine Imlaw,*********,*********,Research and Development,648-633-1589
390,Ramonda Tawse,*********,*********,Sales,565-801-0311
391,Ermentrude Celler,*********,*********,Engineering,546-389-2729
392,Cherrita Rainsden,*********,*********,Training,496-473-7089
393,Fidela Carvil,*********,*********,Services,448-382-4666
394,Magdalen Libbis,*********,*********,Support,112-475-9619
395,Clarence Bartolomucci,*********,*********,Engineering,740-857-2190
396,Lolita Leborgne,*********,*********,Engineering,849-501-9599
397,Debi Sergent,*********,*********,Support,304-474-3750
398,Elinore Crossthwaite,*********,*********,Marketing,646-688-3918
399,Shurwood Crus,*********,*********,Accounting,593-284-6708
400,Joellen Janikowski,*********,*********,Sales,262-601-5229
401,Cher Kopisch,*********,*********,Marketing,665-605-5191
402,Donny Slimon,*********,*********,Engineering,534-189-9603
403,Chris Hurdis,*********,*********,Support,902-642-3398
404,Ervin Hitter,*********,*********,Marketing,271-845-9746
405,Rana Drinkhill,*********,*********,Legal,403-206-1139
406,Salome Spacey,*********,*********,Marketing,662-603-1980
407,Keir Gregg,*********,*********,Accounting,518-189-3282
408,Egan Dallimare,*********,*********,Sales,743-197-9795
409,Emilia Edgar,*********,*********,Sales,298-649-6501
410,Ricard Cheeney,*********,*********,Research and Development,286-830-0729
411,Dean Boase,*********,*********,Accounting,356-673-6583
412,Tanney Pirnie,*********,*********,Business Development,122-387-7543
413,Minni Henriquet,*********,*********,Sales,348-801-4200
414,Trude Grumble,*********,*********,Services,958-319-2630
415,Kimbra Tapscott,*********,*********,Product Management,550-506-8673
416,Jillian Guinery,*********,*********,Services,197-302-7930
417,Emlen Pittaway,*********,*********,Services,469-504-4117
418,Magdalena Duffer,*********,*********,Sales,735-976-0412
419,Angelique MacNeill,*********,*********,Engineering,157-180-0296
420,Yevette Napolitano,*********,*********,Accounting,103-103-4098
421,Georges McMeanma,*********,*********,Sales,989-636-4572
422,Abner Giorio,*********,*********,Support,714-727-9743
423,Dorry Muck,*********,*********,Accounting,719-653-4766
424,Gillie Egglestone,*********,*********,Training,792-770-9619
425,Suzie MacKenzie,*********,*********,Business Development,622-460-1049
426,Alana Reinert,*********,*********,Business Development,838-867-6369
427,Zsa zsa Veregan,*********,*********,Legal,322-708-8080
428,Reg Ruppele,*********,*********,Services,521-837-4016
429,Noreen Sammon,*********,*********,Accounting,738-895-6185
430,Cloris Mabbe,*********,*********,Research and Development,216-585-5868
431,Mehetabel Keenor,*********,*********,Accounting,276-844-5076
432,Klarrisa Reddoch,*********,*********,Legal,514-626-1170
433,Karlene Giamelli,*********,*********,Business Development,884-345-3928
434,Joby Schultes,*********,*********,Marketing,530-385-5950
435,Joline Dyte,*********,*********,Services,543-159-5266
436,Sharon Silverman,*********,*********,Product Management,902-836-8683
437,Hazel Danzey,*********,*********,Support,504-375-6045
438,Shayla Triner,*********,*********,Accounting,458-452-1282
439,Geneva Ollie,*********,*********,Support,171-400-8989
440,Florance Fass,*********,*********,Product Management,833-200-8914
441,Marci Brazenor,*********,*********,Marketing,556-558-2670
442,Wallie Arnke,*********,*********,Business Development,502-108-5395
443,Rafaelia Ancliffe,*********,*********,Services,912-865-2586
444,Babette Cherrett,*********,*********,Support,529-594-5173
445,Jordain Parkman,*********,*********,Research and Development,891-419-1025
446,Evelina Dunnaway,*********,*********,Sales,437-441-1195
447,Aloise Batie,*********,*********,Services,979-191-2882
448,Donia Doog,*********,*********,Product Management,767-482-6973
449,Wilone Stallen,*********,*********,Support,800-426-5238
450,Catlin Clist,*********,*********,Product Management,762-149-6656
451,Sigvard Sture,*********,*********,Sales,387-389-2820
452,Maureen Passion,*********,*********,Sales,265-710-1873
453,Susy Flye,*********,*********,Accounting,931-479-7397
454,Pat O' Donohue,*********,*********,Services,982-466-8395
455,Daisie Ayers,*********,*********,Sales,981-717-4918
456,Marigold Blaksland,*********,*********,Business Development,410-351-1497
457,Christie Lamboll,*********,*********,Services,512-251-2375
458,Josselyn Glanders,*********,*********,Business Development,902-117-6911
459,Dave Wyon,*********,*********,Research and Development,143-624-5058
460,Prisca Aizikov,*********,*********,Product Management,840-749-8235
461,Julia Batchan,*********,*********,Sales,859-999-5358
462,Benoite Dymick,*********,*********,Business Development,535-446-3310
463,Christophorus Argontt,*********,*********,Human Resources,668-179-5955
464,Leisha Awcock,*********,*********,Marketing,971-890-5487
465,Paddie Eley,*********,*********,Accounting,968-720-8277
466,Guntar Chinnick,*********,*********,Research and Development,963-940-0471
467,Lynelle Couve,*********,*********,Support,343-107-8106
468,Valle Richarz,*********,*********,Product Management,463-216-2038
469,Clerkclaude Uccelli,*********,*********,Legal,784-970-5599
470,Mikkel Tuting,*********,*********,Human Resources,480-886-3958
471,Carrol Liddel,*********,*********,Support,238-708-3258
472,Freemon Braffington,*********,*********,Research and Development,563-386-1118
473,Pru Reppaport,*********,*********,Legal,570-543-8003
474,Norbie Wheelhouse,*********,*********,Research and Development,691-960-7590
475,Kaia Rubinsaft,*********,*********,Sales,373-904-2086
476,Everett Seer,*********,*********,Training,666-587-5861
477,Cordey Jerred,*********,*********,Legal,748-506-4695
478,Britt Lievesley,*********,*********,Marketing,280-698-9038
479,Lancelot Kick,*********,*********,Business Development,384-259-1124
480,Kassandra Fahrenbacher,*********,*********,Training,355-363-1866
481,Ibrahim Hubbard,*********,*********,Marketing,181-729-8172
482,Gwenni Littell,*********,*********,Engineering,483-700-2480
483,Kelley Roycraft,*********,*********,Product Management,542-757-2034
484,Randene Chaudhry,*********,*********,Support,802-611-8969
485,Jane Smorfit,*********,*********,Marketing,908-488-5494
486,Nolana Caherny,*********,*********,Human Resources,189-287-0470
487,Romain Broomfield,*********,*********,Research and Development,711-401-3501
488,Trula Gillon,*********,*********,Business Development,282-375-1259
489,Emmey McTeague,*********,*********,Human Resources,633-904-2102
490,Adrienne Dumbelton,*********,*********,Training,434-612-3103
491,Thedrick Frayling,*********,*********,Human Resources,703-856-7571
492,Rabbi Commucci,*********,*********,Accounting,805-742-7575
493,Dalton Colvill,*********,*********,Human Resources,893-298-9398
494,Lucius Feldbau,*********,*********,Services,710-395-3235
495,Artie Mercey,*********,*********,Engineering,430-990-7279
496,Lela Huxton,*********,*********,Sales,241-719-9868
497,Barr Conrard,*********,*********,Sales,149-696-0416
498,Isidore Haseldine,*********,*********,Sales,953-505-5438
499,Tabby Heinle,*********,*********,Legal,809-283-0445
500,Brady Scroyton,*********,*********,Business Development,780-890-9919
501,Percy Clementi,*********,*********,Human Resources,711-330-2137
502,Francois Domican,*********,*********,Engineering,103-385-0022
503,Desirae Isselee,*********,*********,Business Development,717-573-2900
504,Lilia Pettegre,*********,*********,Training,510-776-6331
505,Wilton Keyte,*********,*********,Accounting,924-942-0358
506,Lalo Boyd,*********,*********,Training,615-953-1183
507,Steffie Patullo,*********,*********,Product Management,818-943-9549
508,Layney Glison,*********,*********,Training,807-778-3312
509,Bord Stiant,*********,*********,Product Management,924-516-4918
510,Marci Abry,*********,*********,Support,738-219-9027
511,Sonja Le Grove,*********,*********,Engineering,504-511-3260
512,Beverley Walliker,*********,*********,Research and Development,262-928-8173
513,Rockwell Jon,*********,*********,Business Development,533-959-0494
514,Ophelie Cockran,*********,*********,Sales,166-471-8809
515,Willie Sreenan,*********,*********,Support,178-350-6089
516,Patty Ninnis,*********,*********,Business Development,338-608-3789
517,Ryan Maciocia,*********,*********,Marketing,130-925-7085
518,Loralie Clair,*********,*********,Sales,682-358-7178
519,Iolanthe Brydon,*********,*********,Services,913-854-7171
520,Colly Alman,*********,*********,Services,916-915-7035
521,North Clawe,*********,*********,Legal,561-363-3962
522,Fowler Lawrenz,*********,*********,Training,475-219-0247
523,Bird MacRory,*********,*********,Support,662-647-8681
524,Ingar Da Costa,*********,*********,Research and Development,618-822-5094
525,Malia Roles,*********,*********,Support,581-128-0222
526,Monty Lemmen,*********,*********,Sales,138-479-6995
527,Isidoro Wigfall,*********,*********,Accounting,700-637-4866
528,Dulsea MacScherie,*********,*********,Engineering,119-997-3679
529,Benedict Rainsdon,*********,*********,Support,253-235-3387
530,Zonda MacConneely,*********,*********,Research and Development,708-506-3051
531,Keefe Pichan,*********,*********,Services,183-668-9611
532,Biron Craydon,*********,*********,Product Management,645-602-5770
533,Granger Winch,*********,*********,Product Management,820-698-6770
534,Sileas Pannaman,*********,*********,Accounting,832-634-3734
535,Elberta Tallman,*********,*********,Sales,109-159-8800
536,Tades McCaskill,*********,*********,Sales,237-667-7027
537,Arlana Pocke,*********,*********,Legal,144-172-4086
538,Grantley Van den Broek,*********,*********,Product Management,950-711-9377
539,Derk Ducham,*********,*********,Sales,948-439-6062
540,Lexi Maleney,*********,*********,Accounting,352-175-8585
541,Robby Alcott,*********,*********,Human Resources,645-598-1559
542,Hallsy Spearing,*********,*********,Marketing,338-820-3019
543,Margaretta Van Dalen,*********,*********,Sales,944-546-3661
544,Eberto Caldow,*********,*********,Research and Development,525-821-0062
545,Kikelia Huitson,*********,*********,Legal,191-435-1395
546,Son Galley,*********,*********,Training,712-489-4598
547,Ellwood Laity,*********,*********,Business Development,301-643-8711
548,Baird Reiach,*********,*********,Accounting,801-969-3045
549,Mela Smeeton,*********,*********,Accounting,898-354-4217
550,Krystle Gretton,*********,*********,Engineering,480-121-2411
551,Ailyn Loftin,*********,*********,Support,756-908-4752
552,Kelcie Hardwell,*********,*********,Research and Development,886-201-0750
553,Marcellus Melonby,*********,*********,Marketing,553-825-9548
554,Constantia McGuff,*********,*********,Sales,356-932-0721
555,Maddy De'Vere - Hunt,*********,*********,Legal,534-313-7036
556,Vonni Polglaze,*********,*********,Human Resources,986-385-0045
557,Katy Cussen,*********,*********,Product Management,245-107-2283
558,Barnaby O'Sherin,*********,*********,Research and Development,747-383-4030
559,Randi Gabbotts,*********,*********,Marketing,383-294-8456
560,Ingrim Belf,*********,*********,Marketing,256-253-1853
561,Sofie Benkin,*********,*********,Engineering,843-987-3649
562,Camille Issacson,*********,*********,Sales,891-115-6089
563,Noach Trayton,*********,*********,Human Resources,953-335-2114
564,Perkin Lanchbery,*********,*********,Services,271-321-9448
565,Jacquenetta Jobin,*********,*********,Legal,929-829-6134
566,Carlynne Joynes,*********,*********,Services,212-180-4819
567,Nefen Dalley,*********,*********,Support,595-754-3427
568,Kacey Banat,*********,*********,Accounting,744-175-4023
569,Brunhilda Kilbane,*********,*********,Sales,919-722-5309
570,Maddie Ades,*********,*********,Training,966-726-6256
571,Rosanna Pretty,*********,*********,Support,419-665-6047
572,Claire Couvert,*********,*********,Services,483-355-1033
573,Emmeline Baselli,*********,*********,Training,404-702-4905
574,Tally Brockie,*********,*********,Business Development,780-566-4832
575,Bartholomeo Millwater,*********,*********,Accounting,414-749-3298
576,Cyndi Inkin,*********,*********,Services,425-876-3782
577,Jordana Adamini,*********,*********,Human Resources,646-465-5829
578,Constantino Pailin,*********,*********,Human Resources,210-965-5203
579,Shoshana Biaggioni,*********,*********,Marketing,575-718-1539
580,Danit Scollick,*********,*********,Human Resources,186-150-1355
581,Brit Pheasey,*********,*********,Legal,148-172-1581
582,Filbert Stockhill,*********,*********,Engineering,879-355-3709
583,Eugene Levesley,*********,*********,Sales,190-170-1121
584,Erina Hanks,*********,*********,Services,702-277-1384
585,Selby Gavaghan,*********,*********,Support,143-394-3786
586,Mike Campanelli,*********,*********,Business Development,813-843-9873
587,Cathee Mount,*********,*********,Training,738-755-5868
588,Frankie Bronger,*********,*********,Sales,576-535-6599
589,Nikola Saltmarshe,*********,*********,Training,131-616-7665
590,Karlik Marjot,*********,*********,Sales,570-119-3863
591,Giustina McDugal,*********,*********,Business Development,453-119-1745
592,Eileen Lundbeck,*********,*********,Legal,257-262-0620
593,Jaymee Twigger,*********,*********,Engineering,501-445-3996
594,Bryn Whitsey,*********,*********,Human Resources,643-235-6438
595,Ferrel Drennan,*********,*********,Training,667-163-0020
596,Lexi Grabham,*********,*********,Services,518-586-2154
597,Darleen Simeonov,*********,*********,Sales,660-281-1316
598,Valentina Ludvigsen,*********,*********,Research and Development,661-332-5527
599,Hale Janas,*********,*********,Research and Development,412-896-1202
600,Dud Haysman,*********,*********,Sales,544-160-8527
601,Coletta Worham,*********,*********,Business Development,964-271-1424
602,Alf Pirozzi,*********,*********,Sales,231-961-6828
603,Rip Gioani,*********,*********,Research and Development,881-677-2935
604,Brennan Waghorn,*********,*********,Support,221-184-2835
605,Antonius Fennelly,*********,*********,Human Resources,203-839-1643
606,Derwin Gaul,*********,*********,Legal,954-579-0049
607,Patience Allinson,*********,*********,Services,274-995-2520
608,Kirbee Zettler,*********,*********,Research and Development,652-683-7951
609,Nolan Sprackling,*********,*********,Support,118-558-3750
610,Rolph Skeel,*********,*********,Marketing,188-846-4398
611,Bent Sand,*********,*********,Accounting,700-589-1030
612,Fabiano Horning,*********,*********,Accounting,347-741-8196
613,Aurel Barense,*********,*********,Services,563-551-2983
614,Staford Wardroper,*********,*********,Marketing,314-763-7854
615,Ninnette Stickford,*********,*********,Human Resources,784-635-8113
616,Tobe McCarrell,*********,*********,Engineering,836-648-0627
617,Arlinda Mc Ilory,*********,*********,Support,527-604-8452
618,Greer Gilmour,*********,*********,Research and Development,639-556-3862
619,Godfrey Meagher,*********,*********,Sales,544-196-1363
620,Brigida Argont,*********,*********,Research and Development,309-371-0654
621,Iseabal Bottoner,*********,*********,Engineering,704-586-2535
622,Jillene Yuille,*********,*********,Accounting,692-674-4089
623,Trula Laying,*********,*********,Sales,310-486-5009
624,Arluene Iamittii,*********,*********,Human Resources,717-349-2054
625,Bianca Gisbye,*********,*********,Accounting,234-500-6263
626,Timoteo Linley,*********,*********,Legal,487-130-2886
627,Melissa Shotton,*********,*********,Engineering,897-455-0379
628,Frasquito Royse,*********,*********,Research and Development,734-775-1745
629,Powell Abramowitz,*********,*********,Legal,826-449-1060
630,Aprilette Slingsby,*********,*********,Services,768-476-7697
631,Perry Scinelli,*********,*********,Services,862-389-6463
632,Trudi Bims,*********,*********,Support,172-262-1297
633,Karin Buxsy,*********,*********,Marketing,928-977-0296
634,Pembroke Weed,*********,*********,Marketing,279-855-6343
635,Britt Orbon,*********,*********,Product Management,493-165-9025
636,Doroteya Simeons,*********,*********,Services,598-663-8443
637,Fabiano Sissons,*********,*********,Engineering,422-840-1307
638,Ronica Muino,*********,*********,Engineering,126-221-1975
639,Linnie Lamas,*********,*********,Human Resources,233-184-1804
640,Lorenza Lewendon,*********,*********,Legal,487-587-7994
641,Mordecai Lumpkin,*********,*********,Engineering,487-520-1398
642,Hilda Tesauro,*********,*********,Business Development,103-469-7807
643,Grethel Proctor,*********,*********,Support,892-256-7206
644,Llywellyn Shuard,*********,*********,Engineering,533-647-6007
645,Diann Mapplethorpe,*********,*********,Legal,789-512-8765
646,Matilde Hartles,*********,*********,Engineering,274-134-7373
647,Roby Juanico,*********,*********,Accounting,257-824-2974
648,Corabel Clixby,*********,*********,Services,714-375-2092
649,Thea Peek,*********,*********,Business Development,843-251-7024
650,Cristin Newby,*********,*********,Sales,975-478-2628
651,Morlee Grint,*********,*********,Training,453-962-1490
652,Fabiano Janik,*********,*********,Sales,116-999-3528
653,Howey Strooband,*********,*********,Support,630-543-2772
654,Thomasa Sidey,*********,*********,Product Management,680-690-7805
655,Elisabetta Kilshaw,*********,*********,Business Development,924-106-1665
656,Merna Grimsdyke,*********,*********,Research and Development,525-848-2113
657,Jennilee Coppens,*********,*********,Product Management,113-862-9294
658,Phil Anfrey,*********,*********,Sales,415-366-6420
659,Eberhard Minucci,*********,*********,Engineering,981-731-0724
660,Arch Ferrarin,*********,*********,Marketing,369-620-6113
661,Julius Eakeley,*********,*********,Accounting,489-836-7881
662,Heinrik Ferrelli,*********,*********,Marketing,474-656-9835
663,Adela Bascombe,*********,*********,Support,921-504-2278
664,Addie Estabrook,*********,*********,Support,901-352-6806
665,Lauraine Beevis,*********,*********,Support,261-313-9966
666,Gifford Hayfield,*********,*********,Human Resources,784-556-7175
667,Boigie Louth,*********,*********,Human Resources,657-884-3770
668,Filippo Takos,*********,*********,Engineering,403-319-9916
669,Harrietta Kingswold,*********,*********,Business Development,176-192-4674
670,Shoshana Gorbell,*********,*********,Marketing,945-598-1903
671,Galina O'Carroll,*********,*********,Sales,220-541-5612
672,Salvatore Salvadori,*********,*********,Research and Development,793-482-3286
673,Em Keuntje,*********,*********,Marketing,182-779-3365
674,Alessandro Soloway,*********,*********,Human Resources,876-975-3881
675,Cynthea Anespie,*********,*********,Training,648-954-5157
676,Dalli Bims,*********,*********,Research and Development,624-141-1088
677,Celina Goulborne,*********,*********,Business Development,107-809-8850
678,Nappie Dank,*********,*********,Human Resources,687-930-2242
679,Berkly Hazeldene,*********,*********,Marketing,930-456-5393
680,Alidia Grahlman,*********,*********,Training,393-986-2784
681,Nanine Etteridge,*********,*********,Accounting,886-567-2311
682,Christabella Tench,*********,*********,Engineering,461-776-3097
683,Sanford Pelling,*********,*********,Marketing,668-737-5107
684,Matti Chancellor,*********,*********,Engineering,903-957-4801
685,Bibby Helis,*********,*********,Sales,885-339-2612
686,Emelda Cinderey,*********,*********,Training,316-281-5955
687,Sansone Lillecrop,*********,*********,Product Management,359-488-6424
688,Chic MacGettigen,*********,*********,Legal,676-516-1717
689,Padget Willets,*********,*********,Product Management,632-434-1569
690,Sauncho Weatherhogg,*********,*********,Business Development,295-998-8206
691,Janot Liddon,*********,*********,Marketing,733-488-8448
692,Vonnie Pentony,*********,*********,Marketing,380-979-9213
693,Cordi Carriage,*********,*********,Human Resources,492-181-5399
694,Diane-marie Rosendall,*********,*********,Research and Development,362-313-7760
695,Marna Heggadon,*********,*********,Product Management,440-424-5871
696,Sharlene Salkeld,*********,*********,Accounting,162-134-1738
697,Esma Lindsay,*********,*********,Accounting,808-842-4057
698,Nero Dumini,*********,*********,Legal,992-465-8391
699,Gary Taffrey,*********,*********,Services,179-219-4923
700,Bria Redpath,*********,*********,Human Resources,520-257-0053
701,Christy Byfield,*********,*********,Accounting,155-303-9710
702,Claretta Ingman,*********,*********,Legal,139-886-0348
703,Fitzgerald Baston,*********,*********,Sales,571-933-7408
704,Hermie Quixley,*********,*********,Human Resources,202-399-8769
705,Lurette Thumnel,*********,*********,Services,963-937-0858
706,Eldon Galliver,*********,*********,Marketing,786-145-5757
707,Adela Trobey,*********,*********,Training,135-366-2963
708,Lory Helliker,*********,*********,Support,193-125-5683
709,Ricki Chilcotte,*********,*********,Engineering,443-471-0807
710,Rickert Holmyard,*********,*********,Product Management,909-699-0854
711,Gavra Dzeniskevich,*********,*********,Marketing,228-869-7501
712,Lissie Winspur,*********,*********,Engineering,415-563-9878
713,Carrissa Dorbin,*********,*********,Marketing,330-568-3607
714,Dasie Kembery,*********,*********,Human Resources,518-610-8485
715,Sapphira Rubes,*********,*********,Services,416-320-2351
716,Johannes Dome,*********,*********,Accounting,812-950-8073
717,Liana Stockill,*********,*********,Support,351-858-9773
718,Erica Spillett,*********,*********,Legal,389-330-3582
719,Alexio Armin,*********,*********,Legal,708-384-8173
720,Homer Cristoforetti,*********,*********,Research and Development,417-171-3260
721,Marji Scollard,*********,*********,Services,374-639-5773
722,Gusty De Cruze,*********,*********,Accounting,738-447-9570
723,Rick Milier,*********,*********,Human Resources,386-944-2532
724,Clarine Rentilll,*********,*********,Engineering,643-785-4193
725,Stacee Swyndley,*********,*********,Marketing,324-731-1520
726,Corenda Braiden,*********,*********,Human Resources,880-661-5393
727,Kean Backshill,*********,*********,Legal,227-903-2816
728,Cori Glassard,*********,*********,Training,555-275-4219
729,Sibyl Vanner,*********,*********,Marketing,797-592-8203
730,Lettie Tesdale,*********,*********,Engineering,358-639-9387
731,Flinn Humber,*********,*********,Training,461-658-3243
732,Lind Tousy,*********,*********,Marketing,807-995-2162
733,Jennie Harrald,*********,*********,Training,674-501-9192
734,Alisun Verheijden,*********,*********,Marketing,364-934-9739
735,Thorin Sprackling,*********,*********,Sales,823-697-8337
736,Aura Sperry,*********,*********,Engineering,394-818-2361
737,Gerladina Shervil,*********,*********,Training,862-877-0924
738,Kinny Gregoraci,*********,*********,Engineering,655-656-9314
739,Luce Lambe,*********,*********,Product Management,791-259-5270
740,Codee Keeble,*********,*********,Accounting,342-299-4810
741,Ingrim McFall,*********,*********,Support,756-138-4932
742,Madge Hanratty,*********,*********,Product Management,854-330-5723
743,Martainn Stollsteimer,*********,*********,Legal,555-447-5927
744,Cally Reinbeck,*********,*********,Sales,216-825-2652
745,Rouvin Hubball,*********,*********,Business Development,752-925-4887
746,Wendie Unsworth,*********,*********,Services,558-196-1830
747,Thadeus Coniff,*********,*********,Marketing,306-752-2961
748,Prent McNysche,*********,*********,Human Resources,801-480-1816
749,Dael Branca,*********,*********,Sales,115-904-8014
750,Durward Nibley,*********,*********,Product Management,925-339-6832
751,Alfie Crassweller,*********,*********,Engineering,353-398-9299
752,Emeline Laviss,*********,*********,Support,924-124-4710
753,Gilemette Gai,*********,*********,Engineering,852-847-9937
754,Carlye Jellard,*********,*********,Human Resources,750-627-2021
755,Elisha Vallack,*********,*********,Marketing,982-202-1360
756,Florenza Lorenzo,*********,*********,Services,769-409-1452
757,Muriel Mingard,*********,*********,Research and Development,875-385-8124
758,Walton Nucci,*********,*********,Research and Development,798-875-3927
759,Lyndy Pickburn,*********,*********,Research and Development,346-417-4574
760,Cassie Bloxham,*********,*********,Legal,298-728-3248
761,Jayme Glidden,*********,*********,Legal,775-305-8590
762,Roseanna Tibbetts,*********,*********,Sales,232-406-6923
763,Liesa Kamena,*********,*********,Legal,974-273-8153
764,Colet Assinder,*********,*********,Marketing,490-881-8665
765,Gelya Kleynen,*********,*********,Engineering,746-973-0998
766,Hamilton Surmon,*********,*********,Legal,455-208-7579
767,Keene Northridge,*********,*********,Support,379-569-8559
768,Kennett Carr,*********,*********,Product Management,838-361-7457
769,Valene Geill,*********,*********,Business Development,902-795-5318
770,Cindelyn Doorly,*********,*********,Support,257-379-4814
771,Binny Gilkes,*********,*********,Support,598-109-4311
772,Celestine Bosquet,*********,*********,Services,573-282-3643
773,Frasquito Northcliffe,*********,*********,Sales,884-592-1364
774,Lauri Parsonage,*********,*********,Marketing,678-763-7432
775,Paulie McGorman,*********,*********,Training,490-779-8489
776,Marlyn Shovel,*********,*********,Services,939-371-6962
777,Tasia Elmhurst,*********,*********,Training,486-889-7059
778,Emelina Itzakson,*********,*********,Research and Development,197-558-3022
779,Zahara Denyagin,*********,*********,Legal,779-307-9295
780,Salomone Klesse,*********,*********,Human Resources,832-641-6228
781,Jasmin Manginot,*********,*********,Research and Development,354-474-8710
782,Nickey Bouts,*********,*********,Accounting,691-930-3800
783,Morly Atger,*********,*********,Services,968-228-9330
784,Leopold Waulker,*********,*********,Marketing,334-907-3272
785,Pieter Bagshaw,*********,*********,Engineering,567-104-8010
786,Kirsten Creevy,*********,*********,Sales,240-652-7517
787,Sheila-kathryn Gaspero,*********,*********,Services,341-209-9672
788,Bing oldey,*********,*********,Services,782-412-9111
789,Jemmie Skuce,*********,*********,Research and Development,149-163-2174
790,Erny Flipek,*********,*********,Support,250-768-7677
791,Gipsy Jepensen,*********,*********,Engineering,249-536-0032
792,Celinka Kesterton,*********,*********,Marketing,453-385-1757
793,Theobald France,*********,*********,Services,769-439-3275
794,Loralee Lehrle,*********,*********,Research and Development,992-867-0913
795,Mycah Pitkin,*********,*********,Product Management,949-389-1613
796,Zarah Smyth,*********,*********,Human Resources,156-613-2669
797,Otis Rankling,*********,*********,Marketing,940-511-7501
798,Leroi Jouanny,*********,*********,Sales,210-689-1275
799,Shay Reinisch,*********,*********,Services,127-788-4713
800,Annabelle Caudelier,*********,*********,Services,803-552-4079
801,Vickie Davenhill,*********,*********,Product Management,456-253-2658
802,Reena Harmes,*********,*********,Support,480-898-0665
803,Malina Beaby,*********,*********,Business Development,445-750-9788
804,Bernard Balnaves,*********,*********,Accounting,826-775-6668
805,Skipp Whitmore,*********,*********,Business Development,774-228-4077
806,Leon Roj,*********,*********,Human Resources,274-650-9831
807,Lynnett Kacheler,*********,*********,Sales,283-610-4786
808,Ettie Talks,*********,*********,Training,796-279-8626
809,Kalli Jordanson,*********,*********,Legal,990-968-3039
810,Hyacinthie Huggen,*********,*********,Product Management,785-274-4058
811,Ania Yegorkin,*********,*********,Sales,685-182-8679
812,Rollins Menlove,*********,*********,Sales,813-737-0839
813,Tris McCunn,*********,*********,Legal,719-318-1963
814,Willy Olwen,*********,*********,Human Resources,562-196-9512
815,Abby Korb,*********,*********,Engineering,792-483-3550
816,Margaret Borg,*********,*********,Engineering,842-935-9092
817,Lorain Bunn,*********,*********,Accounting,718-206-8602
818,Bronson Wimp,*********,*********,Services,755-283-6941
819,Millie Culbard,*********,*********,Marketing,322-725-4032
820,Betta Towe,*********,*********,Accounting,772-174-7961
821,Jerrilee Milvarnie,*********,*********,Research and Development,760-694-2815
822,Madelina Green,*********,*********,Product Management,206-340-7016
823,Eleonore Kauble,*********,*********,Sales,527-272-7677
824,Sandy Symon,*********,*********,Marketing,904-243-7058
825,Lauren Paudin,*********,*********,Business Development,204-691-8179
826,Shep Nesbeth,*********,*********,Product Management,621-389-1633
827,Corrinne Walby,*********,*********,Sales,481-505-3428
828,Rania Spadotto,*********,*********,Accounting,789-185-1782
829,Orlan Swidenbank,*********,*********,Business Development,229-239-5192
830,Madalena Trubshaw,*********,*********,Marketing,233-250-9331
831,Flss Gillcrist,*********,*********,Engineering,684-836-2985
832,Akim Carnell,*********,*********,Human Resources,980-211-6435
833,Ellary Fonzo,*********,*********,Engineering,771-620-6876
834,Barry Blencoe,*********,*********,Sales,331-243-0672
835,Analise Schult,*********,*********,Training,345-807-4615
836,Iolanthe Van Niekerk,*********,*********,Training,624-846-3189
837,Zulema Wycherley,*********,*********,Business Development,291-659-6090
838,Grantham Dilgarno,*********,*********,Human Resources,682-997-4731
839,Farah Brainsby,*********,*********,Human Resources,148-305-6522
840,Arlee Rawcliff,*********,*********,Sales,890-979-7404
841,Sheri Triebner,*********,*********,Sales,950-940-0880
842,Lynnelle Jordin,*********,*********,Marketing,778-300-7766
843,Kendell Bayles,*********,*********,Research and Development,398-194-9384
844,Neville Bittleson,*********,*********,Sales,493-268-2871
845,Wood McGiff,*********,*********,Marketing,514-464-0040
846,Micheil Davidovic,*********,*********,Sales,767-166-9894
847,Sybila Sussems,*********,*********,Human Resources,712-211-7318
848,Viva Ferreira,*********,*********,Engineering,735-991-4565
849,Ashley Nutley,*********,*********,Training,295-672-4739
850,Darb le Keux,*********,*********,Services,905-156-8436
851,Bogey Starzaker,*********,*********,Support,694-862-7308
852,Shae Dawtrey,*********,*********,Accounting,581-342-0811
853,Lanie Oram,*********,*********,Services,418-295-7187
854,Jori McNea,*********,*********,Legal,465-793-9427
855,Freida Sparkwell,*********,*********,Human Resources,421-197-5242
856,Cointon Warhurst,*********,*********,Engineering,612-776-0694
857,Elmo Savage,*********,*********,Human Resources,954-618-2484
858,Bee Munton,*********,*********,Engineering,748-408-5083
859,Debera Tabram,*********,*********,Services,489-214-4569
860,Kara-lynn Wastie,*********,*********,Business Development,443-908-1973
861,Thorsten Kilmurray,*********,*********,Accounting,864-876-6283
862,Robinetta Massinger,*********,*********,Services,222-166-2862
863,Rutter Lampe,*********,*********,Services,449-600-7759
864,Gayler Moukes,*********,*********,Engineering,597-921-1020
865,Elnora Breem,*********,*********,Sales,719-931-6679
866,Judie Sirette,*********,*********,Support,396-585-4574
867,Ragnar Casswell,*********,*********,Human Resources,896-356-9218
868,Ignazio Bridson,*********,*********,Accounting,560-729-5532
869,Gael Bucher,*********,*********,Product Management,617-412-3489
870,Dwayne Somerscales,*********,*********,Support,431-444-5709
871,Justen Sallan,*********,*********,Engineering,644-693-2188
872,Rosalynd Haddington,*********,*********,Human Resources,271-839-2795
873,Edy Laughtisse,*********,*********,Support,438-275-4754
874,Nana Golsworthy,*********,*********,Human Resources,965-117-9424
875,Mella Aurelius,*********,*********,Services,264-101-9069
876,Jerrie Rantoul,*********,*********,Engineering,352-551-2923
877,Maximilien Lecointe,*********,*********,Product Management,498-779-6992
878,Agatha Arrighi,*********,*********,Legal,775-861-2871
879,Obie Kirton,*********,*********,Legal,947-503-5093
880,Kordula Hammett,*********,*********,Engineering,827-969-0497
881,Miltie Gavozzi,*********,*********,Legal,932-801-9405
882,Marty Legendre,*********,*********,Marketing,483-713-1367
883,Vincents D'Alwis,*********,*********,Engineering,260-241-7131
884,Den Eglise,*********,*********,Research and Development,157-561-9368
885,Connie Ravenscroft,*********,*********,Engineering,175-419-6631
886,Raina Heskin,*********,*********,Accounting,930-880-0484
887,Tobey Seawell,*********,*********,Services,560-650-5342
888,Tomas Bothams,*********,*********,Legal,818-457-5800
889,Abdel Balshen,*********,*********,Training,966-872-0286
890,Edlin Wagge,*********,*********,Support,255-501-4418
891,Minni Matzen,*********,*********,Accounting,415-423-7002
892,Charmain Toffanelli,*********,*********,Accounting,496-783-7457
893,Sarge Frawley,*********,*********,Support,493-850-7546
894,Gwenore Gueny,*********,*********,Legal,131-546-7995
895,Channa Matsell,*********,*********,Research and Development,913-874-1212
896,Nomi Gwyneth,*********,*********,Engineering,173-956-4136
897,Morganica Giovanardi,*********,*********,Product Management,884-756-2956
898,Silvio Heak,*********,*********,Human Resources,937-485-9909
899,Jareb Harrild,*********,*********,Legal,173-353-6247
900,Francesca Knudsen,*********,*********,Research and Development,176-912-6866
901,Nichole Comizzoli,*********,*********,Accounting,949-300-7904
902,Xerxes Server,*********,*********,Sales,770-555-6400
903,Phaedra Ganniclifft,*********,*********,Research and Development,612-341-3970
904,Alison Hysom,*********,*********,Marketing,536-492-8600
905,Sileas Hart,*********,*********,Sales,419-395-5373
906,Shurwood Moysey,*********,*********,Product Management,837-136-0060
907,Sharlene Eayrs,*********,*********,Business Development,298-796-7217
908,Jarret Nary,*********,*********,Product Management,913-695-5756
909,Barbaraanne Monery,*********,*********,Legal,410-285-0724
910,Maegan Gribbin,*********,*********,Business Development,120-557-6689
911,Maxwell Simond,*********,*********,Human Resources,639-848-5178
912,Seward Stedall,*********,*********,Product Management,419-743-8332
913,Marnia Mirfin,*********,*********,Services,556-332-8334
914,Mala Moorcraft,*********,*********,Product Management,573-773-3417
915,Margalit Brose,*********,*********,Business Development,496-265-1720
916,Ellis Havik,*********,*********,Sales,321-716-9217
917,Gretal Vedmore,*********,*********,Business Development,505-712-3371
918,Barth Hucke,*********,*********,Legal,253-850-5588
919,Annabela Chettle,*********,*********,Support,452-841-7854
920,Britni Parriss,*********,*********,Engineering,649-301-5291
921,Paton McCritchie,*********,*********,Accounting,494-808-1408
922,Isis Bellerby,*********,*********,Marketing,169-677-1558
923,Johnette Twittey,*********,*********,Business Development,786-737-3223
924,Twyla Whitehorne,*********,*********,Support,363-303-6502
925,Thoma Luety,*********,*********,Support,189-329-2851
926,Tuck Glentworth,*********,*********,Services,408-228-9793
927,Shaylynn Shambrook,*********,*********,Legal,892-146-6274
928,Joel Hindsberg,*********,*********,Services,960-592-0118
929,Georgine Going,*********,*********,Research and Development,458-557-5022
930,Jacynth Over,*********,*********,Services,230-461-9645
931,Elwin Klicher,*********,*********,Human Resources,900-433-6815
932,Arnie Avard,*********,*********,Accounting,776-717-3972
933,Quincey Baert,*********,*********,Training,964-836-9266
934,Fernandina Comins,*********,*********,Human Resources,128-822-4437
935,Lise Farryann,*********,*********,Engineering,689-854-1484
936,Alverta Fawley,*********,*********,Engineering,700-129-8051
937,Grady Splevins,*********,*********,Accounting,266-897-9720
938,Francis Klampt,*********,*********,Human Resources,623-955-4684
939,Ferdinanda Deam,*********,*********,Accounting,119-844-5700
940,Zahara Lincey,*********,*********,Research and Development,691-192-3322
941,Marlo Mannooch,*********,*********,Legal,865-298-7310
942,Emiline Haw,*********,*********,Engineering,761-622-4992
943,Carce Atkinson,*********,*********,Marketing,725-241-7242
944,Nalani Dulake,*********,*********,Sales,673-213-3362
945,Sigmund Porcher,*********,*********,Research and Development,832-812-1409
946,Harriett Joy,*********,*********,Human Resources,252-215-7122
947,Cyndie McLeish,*********,*********,Accounting,908-252-9667
948,Carlene Snelman,*********,*********,Human Resources,336-646-1350
949,Kat Shovlar,*********,*********,Business Development,267-542-8388
950,Lyndell Roubeix,*********,*********,Product Management,454-962-9291
951,Sara-ann Yarnley,*********,*********,Product Management,780-843-5712
952,Pru Kiloh,*********,*********,Marketing,503-526-6346
953,Mariel Verlander,*********,*********,Marketing,915-950-3810
954,Giovanna Yurmanovev,*********,*********,Business Development,380-433-9867
955,Allan Reoch,*********,*********,Training,898-971-4184
956,Ekaterina Pilkinton,*********,*********,Engineering,628-187-0653
957,Mariel Lofthouse,*********,*********,Marketing,432-705-6574
958,Padraig Nadin,*********,*********,Business Development,987-379-1198
959,Denny Rye,*********,*********,Business Development,640-548-0613
960,Babbie Greenmon,*********,*********,Human Resources,902-793-3755
961,Colin Acors,*********,*********,Research and Development,927-188-2420
962,Lars Bouldon,*********,*********,Training,578-654-0611
963,Lynn Hosier,*********,*********,Product Management,530-672-4371
964,Malcolm Lovejoy,*********,*********,Training,498-655-4245
965,Nike Isakovitch,*********,*********,Accounting,212-651-7777
966,Nadeen Moysey,*********,*********,Accounting,451-409-2204
967,Risa Maylam,*********,*********,Marketing,173-644-3888
968,Jandy Durkin,*********,*********,Marketing,971-651-8884
969,Abbey Pietz,*********,*********,Marketing,598-233-7077
970,Ban Conws,*********,*********,Business Development,538-696-2915
971,Gertie Dautry,*********,*********,Engineering,706-116-2595
972,Tessa Deinhardt,*********,*********,Engineering,991-516-4339
973,Salomi Doust,*********,*********,Human Resources,929-765-3250
974,Geri Gaywood,*********,*********,Legal,815-138-9304
975,Beverley Bygrove,*********,*********,Training,517-651-0540
976,Coretta Oxberry,*********,*********,Business Development,156-646-1652
977,Alano Turk,*********,*********,Training,638-782-2672
978,Dael Cornewall,*********,*********,Services,121-567-2577
979,Sheppard Veck,*********,*********,Human Resources,757-316-0876
980,Moselle Grassett,*********,*********,Product Management,515-371-8674
981,Blair Cherrett,*********,*********,Accounting,920-949-2281
982,Ailyn Danev,*********,*********,Training,315-736-4708
983,Clarabelle Hands,*********,*********,Legal,490-577-1102
984,Rhodie Le Friec,*********,*********,Research and Development,701-412-4194
985,Currie Mayou,*********,*********,Engineering,295-911-3381
986,Daisy Mowett,*********,*********,Engineering,372-383-6244
987,Delilah Nattriss,*********,*********,Accounting,780-433-7879
988,Archibaldo Basilio,*********,*********,Services,923-199-5132
989,Walsh O'Hone,*********,*********,Services,146-734-0947
990,Deni Andryunin,*********,*********,Research and Development,833-387-8380
991,Winny Morsom,*********,*********,Training,171-502-2949
992,Hale Semaine,*********,*********,Product Management,688-228-5412
993,Arlee Hilldrup,*********,*********,Legal,183-259-0762
994,Giorgia Baiyle,*********,*********,Sales,493-582-7725
995,Earlie Handmore,*********,*********,Business Development,968-995-2230
996,Perrine Shropshire,*********,*********,Research and Development,397-132-6757
997,Sonia Bradnum,*********,*********,Product Management,139-827-7185
998,Mile Jennions,*********,*********,Human Resources,768-964-3424
999,Saba Stacey,*********,*********,Engineering,652-293-4463
1000,Kirby Nesby,*********,*********,Services,365-579-5389
